component_id,frame_id,protein_index,protein_key,protein_name,total_nodes_associated,total_nodes_original,pep_orig_nodes,mhc_orig_nodes,frame_nodes_instances,frame_nodes_unique,node_coverage,duplication_ratio,duplication_rate,avg_multiplicity,unique_nodes_per_chain
0,0,0,0,bst2_renamed,1076,49,7,42,1076,41,0.8367346938775511,0.03810408921933085,0.9618959107806692,26.24390243902439,"{""AAAAAAAAA"": 41, ""AAAAACAAA"": 1}"
0,0,1,1,dse_renamed,1076,48,6,42,1076,41,0.8541666666666666,0.03810408921933085,0.9618959107806692,26.24390243902439,"{""AAAAAAAAA"": 41, ""AAAAACAAA"": 1}"
0,0,2,2,erbb2_renamed,1076,49,6,43,1076,41,0.8367346938775511,0.03810408921933085,0.9618959107806692,26.24390243902439,"{""AAAAAAAAA"": 41, ""AAAAACAAA"": 1}"
0,0,3,3,imp1_renamed,1076,48,5,43,1076,41,0.8541666666666666,0.03810408921933085,0.9618959107806692,26.24390243902439,"{""AAAAAAAAA"": 41, ""AAAAACAAA"": 1}"
0,0,4,4,imp2_renamed,1076,48,5,43,1076,41,0.8541666666666666,0.03810408921933085,0.9618959107806692,26.24390243902439,"{""AAAAAAAAA"": 41, ""AAAAACAAA"": 1}"
0,0,5,5,melana_renamed,1076,49,6,43,1076,42,0.8571428571428571,0.03903345724907063,0.9609665427509294,25.61904761904762,"{""AAAAAAAAA"": 41, ""AAAAACAAA"": 1}"
0,0,6,6,mrp3_renamed,1076,47,4,43,1076,41,0.8723404255319149,0.03810408921933085,0.9618959107806692,26.24390243902439,"{""AAAAAAAAA"": 41, ""AAAAACAAA"": 1}"
0,0,7,7,muc16ats_renamed,1076,48,5,43,1076,41,0.8541666666666666,0.03810408921933085,0.9618959107806692,26.24390243902439,"{""AAAAAAAAA"": 41, ""AAAAACAAA"": 1}"
0,0,8,8,muc16tss_renamed,1076,50,6,44,1076,41,0.82,0.03810408921933085,0.9618959107806692,26.24390243902439,"{""AAAAAAAAA"": 41, ""AAAAACAAA"": 1}"
1,0,0,0,bst2_renamed,1064,49,7,42,1064,41,0.8367346938775511,0.03853383458646616,0.9614661654135338,25.951219512195124,"{""AAAAAAAAA"": 41, ""AAAAACAAA"": 1}"
1,0,1,1,dse_renamed,1064,48,6,42,1064,41,0.8541666666666666,0.03853383458646616,0.9614661654135338,25.951219512195124,"{""AAAAAAAAA"": 41, ""AAAAACAAA"": 1}"
1,0,2,2,erbb2_renamed,1064,49,6,43,1064,41,0.8367346938775511,0.03853383458646616,0.9614661654135338,25.951219512195124,"{""AAAAAAAAA"": 41, ""AAAAACAAA"": 1}"
1,0,3,3,imp1_renamed,1064,48,5,43,1064,41,0.8541666666666666,0.03853383458646616,0.9614661654135338,25.951219512195124,"{""AAAAAAAAA"": 41, ""AAAAACAAA"": 1}"
1,0,4,4,imp2_renamed,1064,48,5,43,1064,41,0.8541666666666666,0.03853383458646616,0.9614661654135338,25.951219512195124,"{""AAAAAAAAA"": 41, ""AAAAACAAA"": 1}"
1,0,5,5,melana_renamed,1064,49,6,43,1064,42,0.8571428571428571,0.039473684210526314,0.9605263157894737,25.333333333333332,"{""AAAAAAAAA"": 41, ""AAAAACAAA"": 1}"
1,0,6,6,mrp3_renamed,1064,47,4,43,1064,41,0.8723404255319149,0.03853383458646616,0.9614661654135338,25.951219512195124,"{""AAAAAAAAA"": 41, ""AAAAACAAA"": 1}"
1,0,7,7,muc16ats_renamed,1064,48,5,43,1064,41,0.8541666666666666,0.03853383458646616,0.9614661654135338,25.951219512195124,"{""AAAAAAAAA"": 41, ""AAAAACAAA"": 1}"
1,0,8,8,muc16tss_renamed,1064,50,6,44,1064,41,0.82,0.03853383458646616,0.9614661654135338,25.951219512195124,"{""AAAAAAAAA"": 41, ""AAAAACAAA"": 1}"
1,1,0,0,bst2_renamed,41,49,7,42,41,41,0.8367346938775511,1.0,0.0,1.0,"{""AAAAAAAAA"": 41}"
1,1,1,1,dse_renamed,41,48,6,42,41,41,0.8541666666666666,1.0,0.0,1.0,"{""AAAAAAAAA"": 41}"
1,1,2,2,erbb2_renamed,41,49,6,43,41,41,0.8367346938775511,1.0,0.0,1.0,"{""AAAAAAAAA"": 41}"
1,1,3,3,imp1_renamed,41,48,5,43,41,41,0.8541666666666666,1.0,0.0,1.0,"{""AAAAAAAAA"": 41}"
1,1,4,4,imp2_renamed,41,48,5,43,41,41,0.8541666666666666,1.0,0.0,1.0,"{""AAAAAAAAA"": 41}"
1,1,5,5,melana_renamed,41,49,6,43,41,41,0.8367346938775511,1.0,0.0,1.0,"{""AAAAAAAAA"": 41}"
1,1,6,6,mrp3_renamed,41,47,4,43,41,41,0.8723404255319149,1.0,0.0,1.0,"{""AAAAAAAAA"": 41}"
1,1,7,7,muc16ats_renamed,41,48,5,43,41,41,0.8541666666666666,1.0,0.0,1.0,"{""AAAAAAAAA"": 41}"
1,1,8,8,muc16tss_renamed,41,50,6,44,41,41,0.82,1.0,0.0,1.0,"{""AAAAAAAAA"": 41}"
1,2,0,0,bst2_renamed,4,49,7,42,4,4,0.08163265306122448,1.0,0.0,1.0,"{""AAAAAAAAA"": 4}"
1,2,1,1,dse_renamed,4,48,6,42,4,4,0.08333333333333333,1.0,0.0,1.0,"{""AAAAAAAAA"": 4}"
1,2,2,2,erbb2_renamed,4,49,6,43,4,4,0.08163265306122448,1.0,0.0,1.0,"{""AAAAAAAAA"": 4}"
1,2,3,3,imp1_renamed,4,48,5,43,4,4,0.08333333333333333,1.0,0.0,1.0,"{""AAAAAAAAA"": 4}"
1,2,4,4,imp2_renamed,4,48,5,43,4,4,0.08333333333333333,1.0,0.0,1.0,"{""AAAAAAAAA"": 4}"
1,2,5,5,melana_renamed,4,49,6,43,4,4,0.08163265306122448,1.0,0.0,1.0,"{""AAAAAAAAA"": 4}"
1,2,6,6,mrp3_renamed,4,47,4,43,4,4,0.0851063829787234,1.0,0.0,1.0,"{""AAAAAAAAA"": 4}"
1,2,7,7,muc16ats_renamed,4,48,5,43,4,4,0.08333333333333333,1.0,0.0,1.0,"{""AAAAAAAAA"": 4}"
1,2,8,8,muc16tss_renamed,4,50,6,44,4,4,0.08,1.0,0.0,1.0,"{""AAAAAAAAA"": 4}"
1,3,0,0,bst2_renamed,4,49,7,42,4,4,0.08163265306122448,1.0,0.0,1.0,"{""AAAAAAAAA"": 4}"
1,3,1,1,dse_renamed,4,48,6,42,4,4,0.08333333333333333,1.0,0.0,1.0,"{""AAAAAAAAA"": 4}"
1,3,2,2,erbb2_renamed,4,49,6,43,4,4,0.08163265306122448,1.0,0.0,1.0,"{""AAAAAAAAA"": 4}"
1,3,3,3,imp1_renamed,4,48,5,43,4,4,0.08333333333333333,1.0,0.0,1.0,"{""AAAAAAAAA"": 4}"
1,3,4,4,imp2_renamed,4,48,5,43,4,4,0.08333333333333333,1.0,0.0,1.0,"{""AAAAAAAAA"": 4}"
1,3,5,5,melana_renamed,4,49,6,43,4,4,0.08163265306122448,1.0,0.0,1.0,"{""AAAAAAAAA"": 4}"
1,3,6,6,mrp3_renamed,4,47,4,43,4,4,0.0851063829787234,1.0,0.0,1.0,"{""AAAAAAAAA"": 4}"
1,3,7,7,muc16ats_renamed,4,48,5,43,4,4,0.08333333333333333,1.0,0.0,1.0,"{""AAAAAAAAA"": 4}"
1,3,8,8,muc16tss_renamed,4,50,6,44,4,4,0.08,1.0,0.0,1.0,"{""AAAAAAAAA"": 4}"
1,4,0,0,bst2_renamed,4,49,7,42,4,4,0.08163265306122448,1.0,0.0,1.0,"{""AAAAAAAAA"": 4}"
1,4,1,1,dse_renamed,4,48,6,42,4,4,0.08333333333333333,1.0,0.0,1.0,"{""AAAAAAAAA"": 4}"
1,4,2,2,erbb2_renamed,4,49,6,43,4,4,0.08163265306122448,1.0,0.0,1.0,"{""AAAAAAAAA"": 4}"
1,4,3,3,imp1_renamed,4,48,5,43,4,4,0.08333333333333333,1.0,0.0,1.0,"{""AAAAAAAAA"": 4}"
1,4,4,4,imp2_renamed,4,48,5,43,4,4,0.08333333333333333,1.0,0.0,1.0,"{""AAAAAAAAA"": 4}"
1,4,5,5,melana_renamed,4,49,6,43,4,4,0.08163265306122448,1.0,0.0,1.0,"{""AAAAAAAAA"": 4}"
1,4,6,6,mrp3_renamed,4,47,4,43,4,4,0.0851063829787234,1.0,0.0,1.0,"{""AAAAAAAAA"": 4}"
1,4,7,7,muc16ats_renamed,4,48,5,43,4,4,0.08333333333333333,1.0,0.0,1.0,"{""AAAAAAAAA"": 4}"
1,4,8,8,muc16tss_renamed,4,50,6,44,4,4,0.08,1.0,0.0,1.0,"{""AAAAAAAAA"": 4}"
1,5,0,0,bst2_renamed,4,49,7,42,4,4,0.08163265306122448,1.0,0.0,1.0,"{""AAAAAAAAA"": 4}"
1,5,1,1,dse_renamed,4,48,6,42,4,4,0.08333333333333333,1.0,0.0,1.0,"{""AAAAAAAAA"": 4}"
1,5,2,2,erbb2_renamed,4,49,6,43,4,4,0.08163265306122448,1.0,0.0,1.0,"{""AAAAAAAAA"": 4}"
1,5,3,3,imp1_renamed,4,48,5,43,4,4,0.08333333333333333,1.0,0.0,1.0,"{""AAAAAAAAA"": 4}"
1,5,4,4,imp2_renamed,4,48,5,43,4,4,0.08333333333333333,1.0,0.0,1.0,"{""AAAAAAAAA"": 4}"
1,5,5,5,melana_renamed,4,49,6,43,4,4,0.08163265306122448,1.0,0.0,1.0,"{""AAAAAAAAA"": 4}"
1,5,6,6,mrp3_renamed,4,47,4,43,4,4,0.0851063829787234,1.0,0.0,1.0,"{""AAAAAAAAA"": 4}"
1,5,7,7,muc16ats_renamed,4,48,5,43,4,4,0.08333333333333333,1.0,0.0,1.0,"{""AAAAAAAAA"": 4}"
1,5,8,8,muc16tss_renamed,4,50,6,44,4,4,0.08,1.0,0.0,1.0,"{""AAAAAAAAA"": 4}"
1,6,0,0,bst2_renamed,4,49,7,42,4,4,0.08163265306122448,1.0,0.0,1.0,"{""AAAAAAAAA"": 4}"
1,6,1,1,dse_renamed,4,48,6,42,4,4,0.08333333333333333,1.0,0.0,1.0,"{""AAAAAAAAA"": 4}"
1,6,2,2,erbb2_renamed,4,49,6,43,4,4,0.08163265306122448,1.0,0.0,1.0,"{""AAAAAAAAA"": 4}"
1,6,3,3,imp1_renamed,4,48,5,43,4,4,0.08333333333333333,1.0,0.0,1.0,"{""AAAAAAAAA"": 4}"
1,6,4,4,imp2_renamed,4,48,5,43,4,4,0.08333333333333333,1.0,0.0,1.0,"{""AAAAAAAAA"": 4}"
1,6,5,5,melana_renamed,4,49,6,43,4,4,0.08163265306122448,1.0,0.0,1.0,"{""AAAAAAAAA"": 4}"
1,6,6,6,mrp3_renamed,4,47,4,43,4,4,0.0851063829787234,1.0,0.0,1.0,"{""AAAAAAAAA"": 4}"
1,6,7,7,muc16ats_renamed,4,48,5,43,4,4,0.08333333333333333,1.0,0.0,1.0,"{""AAAAAAAAA"": 4}"
1,6,8,8,muc16tss_renamed,4,50,6,44,4,4,0.08,1.0,0.0,1.0,"{""AAAAAAAAA"": 4}"
1,7,0,0,bst2_renamed,4,49,7,42,4,4,0.08163265306122448,1.0,0.0,1.0,"{""AAAAAAAAA"": 4}"
1,7,1,1,dse_renamed,4,48,6,42,4,4,0.08333333333333333,1.0,0.0,1.0,"{""AAAAAAAAA"": 4}"
1,7,2,2,erbb2_renamed,4,49,6,43,4,4,0.08163265306122448,1.0,0.0,1.0,"{""AAAAAAAAA"": 4}"
1,7,3,3,imp1_renamed,4,48,5,43,4,4,0.08333333333333333,1.0,0.0,1.0,"{""AAAAAAAAA"": 4}"
1,7,4,4,imp2_renamed,4,48,5,43,4,4,0.08333333333333333,1.0,0.0,1.0,"{""AAAAAAAAA"": 4}"
1,7,5,5,melana_renamed,4,49,6,43,4,4,0.08163265306122448,1.0,0.0,1.0,"{""AAAAAAAAA"": 4}"
1,7,6,6,mrp3_renamed,4,47,4,43,4,4,0.0851063829787234,1.0,0.0,1.0,"{""AAAAAAAAA"": 4}"
1,7,7,7,muc16ats_renamed,4,48,5,43,4,4,0.08333333333333333,1.0,0.0,1.0,"{""AAAAAAAAA"": 4}"
1,7,8,8,muc16tss_renamed,4,50,6,44,4,4,0.08,1.0,0.0,1.0,"{""AAAAAAAAA"": 4}"
1,8,0,0,bst2_renamed,4,49,7,42,4,4,0.08163265306122448,1.0,0.0,1.0,"{""AAAAAAAAA"": 4}"
1,8,1,1,dse_renamed,4,48,6,42,4,4,0.08333333333333333,1.0,0.0,1.0,"{""AAAAAAAAA"": 4}"
1,8,2,2,erbb2_renamed,4,49,6,43,4,4,0.08163265306122448,1.0,0.0,1.0,"{""AAAAAAAAA"": 4}"
1,8,3,3,imp1_renamed,4,48,5,43,4,4,0.08333333333333333,1.0,0.0,1.0,"{""AAAAAAAAA"": 4}"
1,8,4,4,imp2_renamed,4,48,5,43,4,4,0.08333333333333333,1.0,0.0,1.0,"{""AAAAAAAAA"": 4}"
1,8,5,5,melana_renamed,4,49,6,43,4,4,0.08163265306122448,1.0,0.0,1.0,"{""AAAAAAAAA"": 4}"
1,8,6,6,mrp3_renamed,4,47,4,43,4,4,0.0851063829787234,1.0,0.0,1.0,"{""AAAAAAAAA"": 4}"
1,8,7,7,muc16ats_renamed,4,48,5,43,4,4,0.08333333333333333,1.0,0.0,1.0,"{""AAAAAAAAA"": 4}"
1,8,8,8,muc16tss_renamed,4,50,6,44,4,4,0.08,1.0,0.0,1.0,"{""AAAAAAAAA"": 4}"
1,9,0,0,bst2_renamed,4,49,7,42,4,4,0.08163265306122448,1.0,0.0,1.0,"{""AAAAAAAAA"": 4}"
1,9,1,1,dse_renamed,4,48,6,42,4,4,0.08333333333333333,1.0,0.0,1.0,"{""AAAAAAAAA"": 4}"
1,9,2,2,erbb2_renamed,4,49,6,43,4,4,0.08163265306122448,1.0,0.0,1.0,"{""AAAAAAAAA"": 4}"
1,9,3,3,imp1_renamed,4,48,5,43,4,4,0.08333333333333333,1.0,0.0,1.0,"{""AAAAAAAAA"": 4}"
1,9,4,4,imp2_renamed,4,48,5,43,4,4,0.08333333333333333,1.0,0.0,1.0,"{""AAAAAAAAA"": 4}"
1,9,5,5,melana_renamed,4,49,6,43,4,4,0.08163265306122448,1.0,0.0,1.0,"{""AAAAAAAAA"": 4}"
1,9,6,6,mrp3_renamed,4,47,4,43,4,4,0.0851063829787234,1.0,0.0,1.0,"{""AAAAAAAAA"": 4}"
1,9,7,7,muc16ats_renamed,4,48,5,43,4,4,0.08333333333333333,1.0,0.0,1.0,"{""AAAAAAAAA"": 4}"
1,9,8,8,muc16tss_renamed,4,50,6,44,4,4,0.08,1.0,0.0,1.0,"{""AAAAAAAAA"": 4}"
1,10,0,0,bst2_renamed,4,49,7,42,4,4,0.08163265306122448,1.0,0.0,1.0,"{""AAAAAAAAA"": 4}"
1,10,1,1,dse_renamed,4,48,6,42,4,4,0.08333333333333333,1.0,0.0,1.0,"{""AAAAAAAAA"": 4}"
1,10,2,2,erbb2_renamed,4,49,6,43,4,4,0.08163265306122448,1.0,0.0,1.0,"{""AAAAAAAAA"": 4}"
1,10,3,3,imp1_renamed,4,48,5,43,4,4,0.08333333333333333,1.0,0.0,1.0,"{""AAAAAAAAA"": 4}"
1,10,4,4,imp2_renamed,4,48,5,43,4,4,0.08333333333333333,1.0,0.0,1.0,"{""AAAAAAAAA"": 4}"
1,10,5,5,melana_renamed,4,49,6,43,4,4,0.08163265306122448,1.0,0.0,1.0,"{""AAAAAAAAA"": 4}"
1,10,6,6,mrp3_renamed,4,47,4,43,4,4,0.0851063829787234,1.0,0.0,1.0,"{""AAAAAAAAA"": 4}"
1,10,7,7,muc16ats_renamed,4,48,5,43,4,4,0.08333333333333333,1.0,0.0,1.0,"{""AAAAAAAAA"": 4}"
1,10,8,8,muc16tss_renamed,4,50,6,44,4,4,0.08,1.0,0.0,1.0,"{""AAAAAAAAA"": 4}"
1,11,0,0,bst2_renamed,4,49,7,42,4,4,0.08163265306122448,1.0,0.0,1.0,"{""AAAAAAAAA"": 4}"
1,11,1,1,dse_renamed,4,48,6,42,4,4,0.08333333333333333,1.0,0.0,1.0,"{""AAAAAAAAA"": 4}"
1,11,2,2,erbb2_renamed,4,49,6,43,4,4,0.08163265306122448,1.0,0.0,1.0,"{""AAAAAAAAA"": 4}"
1,11,3,3,imp1_renamed,4,48,5,43,4,4,0.08333333333333333,1.0,0.0,1.0,"{""AAAAAAAAA"": 4}"
1,11,4,4,imp2_renamed,4,48,5,43,4,4,0.08333333333333333,1.0,0.0,1.0,"{""AAAAAAAAA"": 4}"
1,11,5,5,melana_renamed,4,49,6,43,4,4,0.08163265306122448,1.0,0.0,1.0,"{""AAAAAAAAA"": 4}"
1,11,6,6,mrp3_renamed,4,47,4,43,4,4,0.0851063829787234,1.0,0.0,1.0,"{""AAAAAAAAA"": 4}"
1,11,7,7,muc16ats_renamed,4,48,5,43,4,4,0.08333333333333333,1.0,0.0,1.0,"{""AAAAAAAAA"": 4}"
1,11,8,8,muc16tss_renamed,4,50,6,44,4,4,0.08,1.0,0.0,1.0,"{""AAAAAAAAA"": 4}"
1,12,0,0,bst2_renamed,4,49,7,42,4,4,0.08163265306122448,1.0,0.0,1.0,"{""AAAAAAAAA"": 4}"
1,12,1,1,dse_renamed,4,48,6,42,4,4,0.08333333333333333,1.0,0.0,1.0,"{""AAAAAAAAA"": 4}"
1,12,2,2,erbb2_renamed,4,49,6,43,4,4,0.08163265306122448,1.0,0.0,1.0,"{""AAAAAAAAA"": 4}"
1,12,3,3,imp1_renamed,4,48,5,43,4,4,0.08333333333333333,1.0,0.0,1.0,"{""AAAAAAAAA"": 4}"
1,12,4,4,imp2_renamed,4,48,5,43,4,4,0.08333333333333333,1.0,0.0,1.0,"{""AAAAAAAAA"": 4}"
1,12,5,5,melana_renamed,4,49,6,43,4,4,0.08163265306122448,1.0,0.0,1.0,"{""AAAAAAAAA"": 4}"
1,12,6,6,mrp3_renamed,4,47,4,43,4,4,0.0851063829787234,1.0,0.0,1.0,"{""AAAAAAAAA"": 4}"
1,12,7,7,muc16ats_renamed,4,48,5,43,4,4,0.08333333333333333,1.0,0.0,1.0,"{""AAAAAAAAA"": 4}"
1,12,8,8,muc16tss_renamed,4,50,6,44,4,4,0.08,1.0,0.0,1.0,"{""AAAAAAAAA"": 4}"
1,13,0,0,bst2_renamed,4,49,7,42,4,4,0.08163265306122448,1.0,0.0,1.0,"{""AAAAAAAAA"": 4}"
1,13,1,1,dse_renamed,4,48,6,42,4,4,0.08333333333333333,1.0,0.0,1.0,"{""AAAAAAAAA"": 4}"
1,13,2,2,erbb2_renamed,4,49,6,43,4,4,0.08163265306122448,1.0,0.0,1.0,"{""AAAAAAAAA"": 4}"
1,13,3,3,imp1_renamed,4,48,5,43,4,4,0.08333333333333333,1.0,0.0,1.0,"{""AAAAAAAAA"": 4}"
1,13,4,4,imp2_renamed,4,48,5,43,4,4,0.08333333333333333,1.0,0.0,1.0,"{""AAAAAAAAA"": 4}"
1,13,5,5,melana_renamed,4,49,6,43,4,4,0.08163265306122448,1.0,0.0,1.0,"{""AAAAAAAAA"": 4}"
1,13,6,6,mrp3_renamed,4,47,4,43,4,4,0.0851063829787234,1.0,0.0,1.0,"{""AAAAAAAAA"": 4}"
1,13,7,7,muc16ats_renamed,4,48,5,43,4,4,0.08333333333333333,1.0,0.0,1.0,"{""AAAAAAAAA"": 4}"
1,13,8,8,muc16tss_renamed,4,50,6,44,4,4,0.08,1.0,0.0,1.0,"{""AAAAAAAAA"": 4}"
1,14,0,0,bst2_renamed,4,49,7,42,4,4,0.08163265306122448,1.0,0.0,1.0,"{""AAAAAAAAA"": 4}"
1,14,1,1,dse_renamed,4,48,6,42,4,4,0.08333333333333333,1.0,0.0,1.0,"{""AAAAAAAAA"": 4}"
1,14,2,2,erbb2_renamed,4,49,6,43,4,4,0.08163265306122448,1.0,0.0,1.0,"{""AAAAAAAAA"": 4}"
1,14,3,3,imp1_renamed,4,48,5,43,4,4,0.08333333333333333,1.0,0.0,1.0,"{""AAAAAAAAA"": 4}"
1,14,4,4,imp2_renamed,4,48,5,43,4,4,0.08333333333333333,1.0,0.0,1.0,"{""AAAAAAAAA"": 4}"
1,14,5,5,melana_renamed,4,49,6,43,4,4,0.08163265306122448,1.0,0.0,1.0,"{""AAAAAAAAA"": 4}"
1,14,6,6,mrp3_renamed,4,47,4,43,4,4,0.0851063829787234,1.0,0.0,1.0,"{""AAAAAAAAA"": 4}"
1,14,7,7,muc16ats_renamed,4,48,5,43,4,4,0.08333333333333333,1.0,0.0,1.0,"{""AAAAAAAAA"": 4}"
1,14,8,8,muc16tss_renamed,4,50,6,44,4,4,0.08,1.0,0.0,1.0,"{""AAAAAAAAA"": 4}"
1,15,0,0,bst2_renamed,4,49,7,42,4,4,0.08163265306122448,1.0,0.0,1.0,"{""AAAAAAAAA"": 4}"
1,15,1,1,dse_renamed,4,48,6,42,4,4,0.08333333333333333,1.0,0.0,1.0,"{""AAAAAAAAA"": 4}"
1,15,2,2,erbb2_renamed,4,49,6,43,4,4,0.08163265306122448,1.0,0.0,1.0,"{""AAAAAAAAA"": 4}"
1,15,3,3,imp1_renamed,4,48,5,43,4,4,0.08333333333333333,1.0,0.0,1.0,"{""AAAAAAAAA"": 4}"
1,15,4,4,imp2_renamed,4,48,5,43,4,4,0.08333333333333333,1.0,0.0,1.0,"{""AAAAAAAAA"": 4}"
1,15,5,5,melana_renamed,4,49,6,43,4,4,0.08163265306122448,1.0,0.0,1.0,"{""AAAAAAAAA"": 4}"
1,15,6,6,mrp3_renamed,4,47,4,43,4,4,0.0851063829787234,1.0,0.0,1.0,"{""AAAAAAAAA"": 4}"
1,15,7,7,muc16ats_renamed,4,48,5,43,4,4,0.08333333333333333,1.0,0.0,1.0,"{""AAAAAAAAA"": 4}"
1,15,8,8,muc16tss_renamed,4,50,6,44,4,4,0.08,1.0,0.0,1.0,"{""AAAAAAAAA"": 4}"
1,16,0,0,bst2_renamed,4,49,7,42,4,4,0.08163265306122448,1.0,0.0,1.0,"{""AAAAAAAAA"": 4}"
1,16,1,1,dse_renamed,4,48,6,42,4,4,0.08333333333333333,1.0,0.0,1.0,"{""AAAAAAAAA"": 4}"
1,16,2,2,erbb2_renamed,4,49,6,43,4,4,0.08163265306122448,1.0,0.0,1.0,"{""AAAAAAAAA"": 4}"
1,16,3,3,imp1_renamed,4,48,5,43,4,4,0.08333333333333333,1.0,0.0,1.0,"{""AAAAAAAAA"": 4}"
1,16,4,4,imp2_renamed,4,48,5,43,4,4,0.08333333333333333,1.0,0.0,1.0,"{""AAAAAAAAA"": 4}"
1,16,5,5,melana_renamed,4,49,6,43,4,4,0.08163265306122448,1.0,0.0,1.0,"{""AAAAAAAAA"": 4}"
1,16,6,6,mrp3_renamed,4,47,4,43,4,4,0.0851063829787234,1.0,0.0,1.0,"{""AAAAAAAAA"": 4}"
1,16,7,7,muc16ats_renamed,4,48,5,43,4,4,0.08333333333333333,1.0,0.0,1.0,"{""AAAAAAAAA"": 4}"
1,16,8,8,muc16tss_renamed,4,50,6,44,4,4,0.08,1.0,0.0,1.0,"{""AAAAAAAAA"": 4}"
1,17,0,0,bst2_renamed,4,49,7,42,4,4,0.08163265306122448,1.0,0.0,1.0,"{""AAAAAAAAA"": 4}"
1,17,1,1,dse_renamed,4,48,6,42,4,4,0.08333333333333333,1.0,0.0,1.0,"{""AAAAAAAAA"": 4}"
1,17,2,2,erbb2_renamed,4,49,6,43,4,4,0.08163265306122448,1.0,0.0,1.0,"{""AAAAAAAAA"": 4}"
1,17,3,3,imp1_renamed,4,48,5,43,4,4,0.08333333333333333,1.0,0.0,1.0,"{""AAAAAAAAA"": 4}"
1,17,4,4,imp2_renamed,4,48,5,43,4,4,0.08333333333333333,1.0,0.0,1.0,"{""AAAAAAAAA"": 4}"
1,17,5,5,melana_renamed,4,49,6,43,4,4,0.08163265306122448,1.0,0.0,1.0,"{""AAAAAAAAA"": 4}"
1,17,6,6,mrp3_renamed,4,47,4,43,4,4,0.0851063829787234,1.0,0.0,1.0,"{""AAAAAAAAA"": 4}"
1,17,7,7,muc16ats_renamed,4,48,5,43,4,4,0.08333333333333333,1.0,0.0,1.0,"{""AAAAAAAAA"": 4}"
1,17,8,8,muc16tss_renamed,4,50,6,44,4,4,0.08,1.0,0.0,1.0,"{""AAAAAAAAA"": 4}"
1,18,0,0,bst2_renamed,4,49,7,42,4,4,0.08163265306122448,1.0,0.0,1.0,"{""AAAAAAAAA"": 4}"
1,18,1,1,dse_renamed,4,48,6,42,4,4,0.08333333333333333,1.0,0.0,1.0,"{""AAAAAAAAA"": 4}"
1,18,2,2,erbb2_renamed,4,49,6,43,4,4,0.08163265306122448,1.0,0.0,1.0,"{""AAAAAAAAA"": 4}"
1,18,3,3,imp1_renamed,4,48,5,43,4,4,0.08333333333333333,1.0,0.0,1.0,"{""AAAAAAAAA"": 4}"
1,18,4,4,imp2_renamed,4,48,5,43,4,4,0.08333333333333333,1.0,0.0,1.0,"{""AAAAAAAAA"": 4}"
1,18,5,5,melana_renamed,4,49,6,43,4,4,0.08163265306122448,1.0,0.0,1.0,"{""AAAAAAAAA"": 4}"
1,18,6,6,mrp3_renamed,4,47,4,43,4,4,0.0851063829787234,1.0,0.0,1.0,"{""AAAAAAAAA"": 4}"
1,18,7,7,muc16ats_renamed,4,48,5,43,4,4,0.08333333333333333,1.0,0.0,1.0,"{""AAAAAAAAA"": 4}"
1,18,8,8,muc16tss_renamed,4,50,6,44,4,4,0.08,1.0,0.0,1.0,"{""AAAAAAAAA"": 4}"
1,19,0,0,bst2_renamed,4,49,7,42,4,4,0.08163265306122448,1.0,0.0,1.0,"{""AAAAAAAAA"": 4}"
1,19,1,1,dse_renamed,4,48,6,42,4,4,0.08333333333333333,1.0,0.0,1.0,"{""AAAAAAAAA"": 4}"
1,19,2,2,erbb2_renamed,4,49,6,43,4,4,0.08163265306122448,1.0,0.0,1.0,"{""AAAAAAAAA"": 4}"
1,19,3,3,imp1_renamed,4,48,5,43,4,4,0.08333333333333333,1.0,0.0,1.0,"{""AAAAAAAAA"": 4}"
1,19,4,4,imp2_renamed,4,48,5,43,4,4,0.08333333333333333,1.0,0.0,1.0,"{""AAAAAAAAA"": 4}"
1,19,5,5,melana_renamed,4,49,6,43,4,4,0.08163265306122448,1.0,0.0,1.0,"{""AAAAAAAAA"": 4}"
1,19,6,6,mrp3_renamed,4,47,4,43,4,4,0.0851063829787234,1.0,0.0,1.0,"{""AAAAAAAAA"": 4}"
1,19,7,7,muc16ats_renamed,4,48,5,43,4,4,0.08333333333333333,1.0,0.0,1.0,"{""AAAAAAAAA"": 4}"
1,19,8,8,muc16tss_renamed,4,50,6,44,4,4,0.08,1.0,0.0,1.0,"{""AAAAAAAAA"": 4}"
1,20,0,0,bst2_renamed,4,49,7,42,4,4,0.08163265306122448,1.0,0.0,1.0,"{""AAAAAAAAA"": 4}"
1,20,1,1,dse_renamed,4,48,6,42,4,4,0.08333333333333333,1.0,0.0,1.0,"{""AAAAAAAAA"": 4}"
1,20,2,2,erbb2_renamed,4,49,6,43,4,4,0.08163265306122448,1.0,0.0,1.0,"{""AAAAAAAAA"": 4}"
1,20,3,3,imp1_renamed,4,48,5,43,4,4,0.08333333333333333,1.0,0.0,1.0,"{""AAAAAAAAA"": 4}"
1,20,4,4,imp2_renamed,4,48,5,43,4,4,0.08333333333333333,1.0,0.0,1.0,"{""AAAAAAAAA"": 4}"
1,20,5,5,melana_renamed,4,49,6,43,4,4,0.08163265306122448,1.0,0.0,1.0,"{""AAAAAAAAA"": 4}"
1,20,6,6,mrp3_renamed,4,47,4,43,4,4,0.0851063829787234,1.0,0.0,1.0,"{""AAAAAAAAA"": 4}"
1,20,7,7,muc16ats_renamed,4,48,5,43,4,4,0.08333333333333333,1.0,0.0,1.0,"{""AAAAAAAAA"": 4}"
1,20,8,8,muc16tss_renamed,4,50,6,44,4,4,0.08,1.0,0.0,1.0,"{""AAAAAAAAA"": 4}"
1,21,0,0,bst2_renamed,4,49,7,42,4,4,0.08163265306122448,1.0,0.0,1.0,"{""AAAAAAAAA"": 4}"
1,21,1,1,dse_renamed,4,48,6,42,4,4,0.08333333333333333,1.0,0.0,1.0,"{""AAAAAAAAA"": 4}"
1,21,2,2,erbb2_renamed,4,49,6,43,4,4,0.08163265306122448,1.0,0.0,1.0,"{""AAAAAAAAA"": 4}"
1,21,3,3,imp1_renamed,4,48,5,43,4,4,0.08333333333333333,1.0,0.0,1.0,"{""AAAAAAAAA"": 4}"
1,21,4,4,imp2_renamed,4,48,5,43,4,4,0.08333333333333333,1.0,0.0,1.0,"{""AAAAAAAAA"": 4}"
1,21,5,5,melana_renamed,4,49,6,43,4,4,0.08163265306122448,1.0,0.0,1.0,"{""AAAAAAAAA"": 4}"
1,21,6,6,mrp3_renamed,4,47,4,43,4,4,0.0851063829787234,1.0,0.0,1.0,"{""AAAAAAAAA"": 4}"
1,21,7,7,muc16ats_renamed,4,48,5,43,4,4,0.08333333333333333,1.0,0.0,1.0,"{""AAAAAAAAA"": 4}"
1,21,8,8,muc16tss_renamed,4,50,6,44,4,4,0.08,1.0,0.0,1.0,"{""AAAAAAAAA"": 4}"
1,22,0,0,bst2_renamed,4,49,7,42,4,4,0.08163265306122448,1.0,0.0,1.0,"{""AAAAAAAAA"": 4}"
1,22,1,1,dse_renamed,4,48,6,42,4,4,0.08333333333333333,1.0,0.0,1.0,"{""AAAAAAAAA"": 4}"
1,22,2,2,erbb2_renamed,4,49,6,43,4,4,0.08163265306122448,1.0,0.0,1.0,"{""AAAAAAAAA"": 4}"
1,22,3,3,imp1_renamed,4,48,5,43,4,4,0.08333333333333333,1.0,0.0,1.0,"{""AAAAAAAAA"": 4}"
1,22,4,4,imp2_renamed,4,48,5,43,4,4,0.08333333333333333,1.0,0.0,1.0,"{""AAAAAAAAA"": 4}"
1,22,5,5,melana_renamed,4,49,6,43,4,4,0.08163265306122448,1.0,0.0,1.0,"{""AAAAAAAAA"": 4}"
1,22,6,6,mrp3_renamed,4,47,4,43,4,4,0.0851063829787234,1.0,0.0,1.0,"{""AAAAAAAAA"": 4}"
1,22,7,7,muc16ats_renamed,4,48,5,43,4,4,0.08333333333333333,1.0,0.0,1.0,"{""AAAAAAAAA"": 4}"
1,22,8,8,muc16tss_renamed,4,50,6,44,4,4,0.08,1.0,0.0,1.0,"{""AAAAAAAAA"": 4}"
1,23,0,0,bst2_renamed,4,49,7,42,4,4,0.08163265306122448,1.0,0.0,1.0,"{""AAAAAAAAA"": 4}"
1,23,1,1,dse_renamed,4,48,6,42,4,4,0.08333333333333333,1.0,0.0,1.0,"{""AAAAAAAAA"": 4}"
1,23,2,2,erbb2_renamed,4,49,6,43,4,4,0.08163265306122448,1.0,0.0,1.0,"{""AAAAAAAAA"": 4}"
1,23,3,3,imp1_renamed,4,48,5,43,4,4,0.08333333333333333,1.0,0.0,1.0,"{""AAAAAAAAA"": 4}"
1,23,4,4,imp2_renamed,4,48,5,43,4,4,0.08333333333333333,1.0,0.0,1.0,"{""AAAAAAAAA"": 4}"
1,23,5,5,melana_renamed,4,49,6,43,4,4,0.08163265306122448,1.0,0.0,1.0,"{""AAAAAAAAA"": 4}"
1,23,6,6,mrp3_renamed,4,47,4,43,4,4,0.0851063829787234,1.0,0.0,1.0,"{""AAAAAAAAA"": 4}"
1,23,7,7,muc16ats_renamed,4,48,5,43,4,4,0.08333333333333333,1.0,0.0,1.0,"{""AAAAAAAAA"": 4}"
1,23,8,8,muc16tss_renamed,4,50,6,44,4,4,0.08,1.0,0.0,1.0,"{""AAAAAAAAA"": 4}"
1,24,0,0,bst2_renamed,4,49,7,42,4,4,0.08163265306122448,1.0,0.0,1.0,"{""AAAAAAAAA"": 4}"
1,24,1,1,dse_renamed,4,48,6,42,4,4,0.08333333333333333,1.0,0.0,1.0,"{""AAAAAAAAA"": 4}"
1,24,2,2,erbb2_renamed,4,49,6,43,4,4,0.08163265306122448,1.0,0.0,1.0,"{""AAAAAAAAA"": 4}"
1,24,3,3,imp1_renamed,4,48,5,43,4,4,0.08333333333333333,1.0,0.0,1.0,"{""AAAAAAAAA"": 4}"
1,24,4,4,imp2_renamed,4,48,5,43,4,4,0.08333333333333333,1.0,0.0,1.0,"{""AAAAAAAAA"": 4}"
1,24,5,5,melana_renamed,4,49,6,43,4,4,0.08163265306122448,1.0,0.0,1.0,"{""AAAAAAAAA"": 4}"
1,24,6,6,mrp3_renamed,4,47,4,43,4,4,0.0851063829787234,1.0,0.0,1.0,"{""AAAAAAAAA"": 4}"
1,24,7,7,muc16ats_renamed,4,48,5,43,4,4,0.08333333333333333,1.0,0.0,1.0,"{""AAAAAAAAA"": 4}"
1,24,8,8,muc16tss_renamed,4,50,6,44,4,4,0.08,1.0,0.0,1.0,"{""AAAAAAAAA"": 4}"
1,25,0,0,bst2_renamed,4,49,7,42,4,4,0.08163265306122448,1.0,0.0,1.0,"{""AAAAAAAAA"": 4}"
1,25,1,1,dse_renamed,4,48,6,42,4,4,0.08333333333333333,1.0,0.0,1.0,"{""AAAAAAAAA"": 4}"
1,25,2,2,erbb2_renamed,4,49,6,43,4,4,0.08163265306122448,1.0,0.0,1.0,"{""AAAAAAAAA"": 4}"
1,25,3,3,imp1_renamed,4,48,5,43,4,4,0.08333333333333333,1.0,0.0,1.0,"{""AAAAAAAAA"": 4}"
1,25,4,4,imp2_renamed,4,48,5,43,4,4,0.08333333333333333,1.0,0.0,1.0,"{""AAAAAAAAA"": 4}"
1,25,5,5,melana_renamed,4,49,6,43,4,4,0.08163265306122448,1.0,0.0,1.0,"{""AAAAAAAAA"": 4}"
1,25,6,6,mrp3_renamed,4,47,4,43,4,4,0.0851063829787234,1.0,0.0,1.0,"{""AAAAAAAAA"": 4}"
1,25,7,7,muc16ats_renamed,4,48,5,43,4,4,0.08333333333333333,1.0,0.0,1.0,"{""AAAAAAAAA"": 4}"
1,25,8,8,muc16tss_renamed,4,50,6,44,4,4,0.08,1.0,0.0,1.0,"{""AAAAAAAAA"": 4}"
1,26,0,0,bst2_renamed,4,49,7,42,4,4,0.08163265306122448,1.0,0.0,1.0,"{""AAAAAAAAA"": 4}"
1,26,1,1,dse_renamed,4,48,6,42,4,4,0.08333333333333333,1.0,0.0,1.0,"{""AAAAAAAAA"": 4}"
1,26,2,2,erbb2_renamed,4,49,6,43,4,4,0.08163265306122448,1.0,0.0,1.0,"{""AAAAAAAAA"": 4}"
1,26,3,3,imp1_renamed,4,48,5,43,4,4,0.08333333333333333,1.0,0.0,1.0,"{""AAAAAAAAA"": 4}"
1,26,4,4,imp2_renamed,4,48,5,43,4,4,0.08333333333333333,1.0,0.0,1.0,"{""AAAAAAAAA"": 4}"
1,26,5,5,melana_renamed,4,49,6,43,4,4,0.08163265306122448,1.0,0.0,1.0,"{""AAAAAAAAA"": 4}"
1,26,6,6,mrp3_renamed,4,47,4,43,4,4,0.0851063829787234,1.0,0.0,1.0,"{""AAAAAAAAA"": 4}"
1,26,7,7,muc16ats_renamed,4,48,5,43,4,4,0.08333333333333333,1.0,0.0,1.0,"{""AAAAAAAAA"": 4}"
1,26,8,8,muc16tss_renamed,4,50,6,44,4,4,0.08,1.0,0.0,1.0,"{""AAAAAAAAA"": 4}"
1,27,0,0,bst2_renamed,4,49,7,42,4,4,0.08163265306122448,1.0,0.0,1.0,"{""AAAAAAAAA"": 4}"
1,27,1,1,dse_renamed,4,48,6,42,4,4,0.08333333333333333,1.0,0.0,1.0,"{""AAAAAAAAA"": 4}"
1,27,2,2,erbb2_renamed,4,49,6,43,4,4,0.08163265306122448,1.0,0.0,1.0,"{""AAAAAAAAA"": 4}"
1,27,3,3,imp1_renamed,4,48,5,43,4,4,0.08333333333333333,1.0,0.0,1.0,"{""AAAAAAAAA"": 4}"
1,27,4,4,imp2_renamed,4,48,5,43,4,4,0.08333333333333333,1.0,0.0,1.0,"{""AAAAAAAAA"": 4}"
1,27,5,5,melana_renamed,4,49,6,43,4,4,0.08163265306122448,1.0,0.0,1.0,"{""AAAAAAAAA"": 4}"
1,27,6,6,mrp3_renamed,4,47,4,43,4,4,0.0851063829787234,1.0,0.0,1.0,"{""AAAAAAAAA"": 4}"
1,27,7,7,muc16ats_renamed,4,48,5,43,4,4,0.08333333333333333,1.0,0.0,1.0,"{""AAAAAAAAA"": 4}"
1,27,8,8,muc16tss_renamed,4,50,6,44,4,4,0.08,1.0,0.0,1.0,"{""AAAAAAAAA"": 4}"
1,28,0,0,bst2_renamed,4,49,7,42,4,4,0.08163265306122448,1.0,0.0,1.0,"{""AAAAAAAAA"": 4}"
1,28,1,1,dse_renamed,4,48,6,42,4,4,0.08333333333333333,1.0,0.0,1.0,"{""AAAAAAAAA"": 4}"
1,28,2,2,erbb2_renamed,4,49,6,43,4,4,0.08163265306122448,1.0,0.0,1.0,"{""AAAAAAAAA"": 4}"
1,28,3,3,imp1_renamed,4,48,5,43,4,4,0.08333333333333333,1.0,0.0,1.0,"{""AAAAAAAAA"": 4}"
1,28,4,4,imp2_renamed,4,48,5,43,4,4,0.08333333333333333,1.0,0.0,1.0,"{""AAAAAAAAA"": 4}"
1,28,5,5,melana_renamed,4,49,6,43,4,4,0.08163265306122448,1.0,0.0,1.0,"{""AAAAAAAAA"": 4}"
1,28,6,6,mrp3_renamed,4,47,4,43,4,4,0.0851063829787234,1.0,0.0,1.0,"{""AAAAAAAAA"": 4}"
1,28,7,7,muc16ats_renamed,4,48,5,43,4,4,0.08333333333333333,1.0,0.0,1.0,"{""AAAAAAAAA"": 4}"
1,28,8,8,muc16tss_renamed,4,50,6,44,4,4,0.08,1.0,0.0,1.0,"{""AAAAAAAAA"": 4}"
1,29,0,0,bst2_renamed,4,49,7,42,4,4,0.08163265306122448,1.0,0.0,1.0,"{""AAAAAAAAA"": 4}"
1,29,1,1,dse_renamed,4,48,6,42,4,4,0.08333333333333333,1.0,0.0,1.0,"{""AAAAAAAAA"": 4}"
1,29,2,2,erbb2_renamed,4,49,6,43,4,4,0.08163265306122448,1.0,0.0,1.0,"{""AAAAAAAAA"": 4}"
1,29,3,3,imp1_renamed,4,48,5,43,4,4,0.08333333333333333,1.0,0.0,1.0,"{""AAAAAAAAA"": 4}"
1,29,4,4,imp2_renamed,4,48,5,43,4,4,0.08333333333333333,1.0,0.0,1.0,"{""AAAAAAAAA"": 4}"
1,29,5,5,melana_renamed,4,49,6,43,4,4,0.08163265306122448,1.0,0.0,1.0,"{""AAAAAAAAA"": 4}"
1,29,6,6,mrp3_renamed,4,47,4,43,4,4,0.0851063829787234,1.0,0.0,1.0,"{""AAAAAAAAA"": 4}"
1,29,7,7,muc16ats_renamed,4,48,5,43,4,4,0.08333333333333333,1.0,0.0,1.0,"{""AAAAAAAAA"": 4}"
1,29,8,8,muc16tss_renamed,4,50,6,44,4,4,0.08,1.0,0.0,1.0,"{""AAAAAAAAA"": 4}"
1,30,0,0,bst2_renamed,4,49,7,42,4,4,0.08163265306122448,1.0,0.0,1.0,"{""AAAAAAAAA"": 4}"
1,30,1,1,dse_renamed,4,48,6,42,4,4,0.08333333333333333,1.0,0.0,1.0,"{""AAAAAAAAA"": 4}"
1,30,2,2,erbb2_renamed,4,49,6,43,4,4,0.08163265306122448,1.0,0.0,1.0,"{""AAAAAAAAA"": 4}"
1,30,3,3,imp1_renamed,4,48,5,43,4,4,0.08333333333333333,1.0,0.0,1.0,"{""AAAAAAAAA"": 4}"
1,30,4,4,imp2_renamed,4,48,5,43,4,4,0.08333333333333333,1.0,0.0,1.0,"{""AAAAAAAAA"": 4}"
1,30,5,5,melana_renamed,4,49,6,43,4,4,0.08163265306122448,1.0,0.0,1.0,"{""AAAAAAAAA"": 4}"
1,30,6,6,mrp3_renamed,4,47,4,43,4,4,0.0851063829787234,1.0,0.0,1.0,"{""AAAAAAAAA"": 4}"
1,30,7,7,muc16ats_renamed,4,48,5,43,4,4,0.08333333333333333,1.0,0.0,1.0,"{""AAAAAAAAA"": 4}"
1,30,8,8,muc16tss_renamed,4,50,6,44,4,4,0.08,1.0,0.0,1.0,"{""AAAAAAAAA"": 4}"
1,31,0,0,bst2_renamed,4,49,7,42,4,4,0.08163265306122448,1.0,0.0,1.0,"{""AAAAAAAAA"": 4}"
1,31,1,1,dse_renamed,4,48,6,42,4,4,0.08333333333333333,1.0,0.0,1.0,"{""AAAAAAAAA"": 4}"
1,31,2,2,erbb2_renamed,4,49,6,43,4,4,0.08163265306122448,1.0,0.0,1.0,"{""AAAAAAAAA"": 4}"
1,31,3,3,imp1_renamed,4,48,5,43,4,4,0.08333333333333333,1.0,0.0,1.0,"{""AAAAAAAAA"": 4}"
1,31,4,4,imp2_renamed,4,48,5,43,4,4,0.08333333333333333,1.0,0.0,1.0,"{""AAAAAAAAA"": 4}"
1,31,5,5,melana_renamed,4,49,6,43,4,4,0.08163265306122448,1.0,0.0,1.0,"{""AAAAAAAAA"": 4}"
1,31,6,6,mrp3_renamed,4,47,4,43,4,4,0.0851063829787234,1.0,0.0,1.0,"{""AAAAAAAAA"": 4}"
1,31,7,7,muc16ats_renamed,4,48,5,43,4,4,0.08333333333333333,1.0,0.0,1.0,"{""AAAAAAAAA"": 4}"
1,31,8,8,muc16tss_renamed,4,50,6,44,4,4,0.08,1.0,0.0,1.0,"{""AAAAAAAAA"": 4}"
1,32,0,0,bst2_renamed,4,49,7,42,4,4,0.08163265306122448,1.0,0.0,1.0,"{""AAAAAAAAA"": 4}"
1,32,1,1,dse_renamed,4,48,6,42,4,4,0.08333333333333333,1.0,0.0,1.0,"{""AAAAAAAAA"": 4}"
1,32,2,2,erbb2_renamed,4,49,6,43,4,4,0.08163265306122448,1.0,0.0,1.0,"{""AAAAAAAAA"": 4}"
1,32,3,3,imp1_renamed,4,48,5,43,4,4,0.08333333333333333,1.0,0.0,1.0,"{""AAAAAAAAA"": 4}"
1,32,4,4,imp2_renamed,4,48,5,43,4,4,0.08333333333333333,1.0,0.0,1.0,"{""AAAAAAAAA"": 4}"
1,32,5,5,melana_renamed,4,49,6,43,4,4,0.08163265306122448,1.0,0.0,1.0,"{""AAAAAAAAA"": 4}"
1,32,6,6,mrp3_renamed,4,47,4,43,4,4,0.0851063829787234,1.0,0.0,1.0,"{""AAAAAAAAA"": 4}"
1,32,7,7,muc16ats_renamed,4,48,5,43,4,4,0.08333333333333333,1.0,0.0,1.0,"{""AAAAAAAAA"": 4}"
1,32,8,8,muc16tss_renamed,4,50,6,44,4,4,0.08,1.0,0.0,1.0,"{""AAAAAAAAA"": 4}"
1,33,0,0,bst2_renamed,4,49,7,42,4,4,0.08163265306122448,1.0,0.0,1.0,"{""AAAAAAAAA"": 4}"
1,33,1,1,dse_renamed,4,48,6,42,4,4,0.08333333333333333,1.0,0.0,1.0,"{""AAAAAAAAA"": 4}"
1,33,2,2,erbb2_renamed,4,49,6,43,4,4,0.08163265306122448,1.0,0.0,1.0,"{""AAAAAAAAA"": 4}"
1,33,3,3,imp1_renamed,4,48,5,43,4,4,0.08333333333333333,1.0,0.0,1.0,"{""AAAAAAAAA"": 4}"
1,33,4,4,imp2_renamed,4,48,5,43,4,4,0.08333333333333333,1.0,0.0,1.0,"{""AAAAAAAAA"": 4}"
1,33,5,5,melana_renamed,4,49,6,43,4,4,0.08163265306122448,1.0,0.0,1.0,"{""AAAAAAAAA"": 4}"
1,33,6,6,mrp3_renamed,4,47,4,43,4,4,0.0851063829787234,1.0,0.0,1.0,"{""AAAAAAAAA"": 4}"
1,33,7,7,muc16ats_renamed,4,48,5,43,4,4,0.08333333333333333,1.0,0.0,1.0,"{""AAAAAAAAA"": 4}"
1,33,8,8,muc16tss_renamed,4,50,6,44,4,4,0.08,1.0,0.0,1.0,"{""AAAAAAAAA"": 4}"
1,34,0,0,bst2_renamed,4,49,7,42,4,4,0.08163265306122448,1.0,0.0,1.0,"{""AAAAAAAAA"": 4}"
1,34,1,1,dse_renamed,4,48,6,42,4,4,0.08333333333333333,1.0,0.0,1.0,"{""AAAAAAAAA"": 4}"
1,34,2,2,erbb2_renamed,4,49,6,43,4,4,0.08163265306122448,1.0,0.0,1.0,"{""AAAAAAAAA"": 4}"
1,34,3,3,imp1_renamed,4,48,5,43,4,4,0.08333333333333333,1.0,0.0,1.0,"{""AAAAAAAAA"": 4}"
1,34,4,4,imp2_renamed,4,48,5,43,4,4,0.08333333333333333,1.0,0.0,1.0,"{""AAAAAAAAA"": 4}"
1,34,5,5,melana_renamed,4,49,6,43,4,4,0.08163265306122448,1.0,0.0,1.0,"{""AAAAAAAAA"": 4}"
1,34,6,6,mrp3_renamed,4,47,4,43,4,4,0.0851063829787234,1.0,0.0,1.0,"{""AAAAAAAAA"": 4}"
1,34,7,7,muc16ats_renamed,4,48,5,43,4,4,0.08333333333333333,1.0,0.0,1.0,"{""AAAAAAAAA"": 4}"
1,34,8,8,muc16tss_renamed,4,50,6,44,4,4,0.08,1.0,0.0,1.0,"{""AAAAAAAAA"": 4}"
1,35,0,0,bst2_renamed,4,49,7,42,4,4,0.08163265306122448,1.0,0.0,1.0,"{""AAAAAAAAA"": 4}"
1,35,1,1,dse_renamed,4,48,6,42,4,4,0.08333333333333333,1.0,0.0,1.0,"{""AAAAAAAAA"": 4}"
1,35,2,2,erbb2_renamed,4,49,6,43,4,4,0.08163265306122448,1.0,0.0,1.0,"{""AAAAAAAAA"": 4}"
1,35,3,3,imp1_renamed,4,48,5,43,4,4,0.08333333333333333,1.0,0.0,1.0,"{""AAAAAAAAA"": 4}"
1,35,4,4,imp2_renamed,4,48,5,43,4,4,0.08333333333333333,1.0,0.0,1.0,"{""AAAAAAAAA"": 4}"
1,35,5,5,melana_renamed,4,49,6,43,4,4,0.08163265306122448,1.0,0.0,1.0,"{""AAAAAAAAA"": 4}"
1,35,6,6,mrp3_renamed,4,47,4,43,4,4,0.0851063829787234,1.0,0.0,1.0,"{""AAAAAAAAA"": 4}"
1,35,7,7,muc16ats_renamed,4,48,5,43,4,4,0.08333333333333333,1.0,0.0,1.0,"{""AAAAAAAAA"": 4}"
1,35,8,8,muc16tss_renamed,4,50,6,44,4,4,0.08,1.0,0.0,1.0,"{""AAAAAAAAA"": 4}"
1,36,0,0,bst2_renamed,4,49,7,42,4,4,0.08163265306122448,1.0,0.0,1.0,"{""AAAAAAAAA"": 4}"
1,36,1,1,dse_renamed,4,48,6,42,4,4,0.08333333333333333,1.0,0.0,1.0,"{""AAAAAAAAA"": 4}"
1,36,2,2,erbb2_renamed,4,49,6,43,4,4,0.08163265306122448,1.0,0.0,1.0,"{""AAAAAAAAA"": 4}"
1,36,3,3,imp1_renamed,4,48,5,43,4,4,0.08333333333333333,1.0,0.0,1.0,"{""AAAAAAAAA"": 4}"
1,36,4,4,imp2_renamed,4,48,5,43,4,4,0.08333333333333333,1.0,0.0,1.0,"{""AAAAAAAAA"": 4}"
1,36,5,5,melana_renamed,4,49,6,43,4,4,0.08163265306122448,1.0,0.0,1.0,"{""AAAAAAAAA"": 4}"
1,36,6,6,mrp3_renamed,4,47,4,43,4,4,0.0851063829787234,1.0,0.0,1.0,"{""AAAAAAAAA"": 4}"
1,36,7,7,muc16ats_renamed,4,48,5,43,4,4,0.08333333333333333,1.0,0.0,1.0,"{""AAAAAAAAA"": 4}"
1,36,8,8,muc16tss_renamed,4,50,6,44,4,4,0.08,1.0,0.0,1.0,"{""AAAAAAAAA"": 4}"
1,37,0,0,bst2_renamed,4,49,7,42,4,4,0.08163265306122448,1.0,0.0,1.0,"{""AAAAAAAAA"": 4}"
1,37,1,1,dse_renamed,4,48,6,42,4,4,0.08333333333333333,1.0,0.0,1.0,"{""AAAAAAAAA"": 4}"
1,37,2,2,erbb2_renamed,4,49,6,43,4,4,0.08163265306122448,1.0,0.0,1.0,"{""AAAAAAAAA"": 4}"
1,37,3,3,imp1_renamed,4,48,5,43,4,4,0.08333333333333333,1.0,0.0,1.0,"{""AAAAAAAAA"": 4}"
1,37,4,4,imp2_renamed,4,48,5,43,4,4,0.08333333333333333,1.0,0.0,1.0,"{""AAAAAAAAA"": 4}"
1,37,5,5,melana_renamed,4,49,6,43,4,4,0.08163265306122448,1.0,0.0,1.0,"{""AAAAAAAAA"": 4}"
1,37,6,6,mrp3_renamed,4,47,4,43,4,4,0.0851063829787234,1.0,0.0,1.0,"{""AAAAAAAAA"": 4}"
1,37,7,7,muc16ats_renamed,4,48,5,43,4,4,0.08333333333333333,1.0,0.0,1.0,"{""AAAAAAAAA"": 4}"
1,37,8,8,muc16tss_renamed,4,50,6,44,4,4,0.08,1.0,0.0,1.0,"{""AAAAAAAAA"": 4}"
1,38,0,0,bst2_renamed,4,49,7,42,4,4,0.08163265306122448,1.0,0.0,1.0,"{""AAAAAAAAA"": 4}"
1,38,1,1,dse_renamed,4,48,6,42,4,4,0.08333333333333333,1.0,0.0,1.0,"{""AAAAAAAAA"": 4}"
1,38,2,2,erbb2_renamed,4,49,6,43,4,4,0.08163265306122448,1.0,0.0,1.0,"{""AAAAAAAAA"": 4}"
1,38,3,3,imp1_renamed,4,48,5,43,4,4,0.08333333333333333,1.0,0.0,1.0,"{""AAAAAAAAA"": 4}"
1,38,4,4,imp2_renamed,4,48,5,43,4,4,0.08333333333333333,1.0,0.0,1.0,"{""AAAAAAAAA"": 4}"
1,38,5,5,melana_renamed,4,49,6,43,4,4,0.08163265306122448,1.0,0.0,1.0,"{""AAAAAAAAA"": 4}"
1,38,6,6,mrp3_renamed,4,47,4,43,4,4,0.0851063829787234,1.0,0.0,1.0,"{""AAAAAAAAA"": 4}"
1,38,7,7,muc16ats_renamed,4,48,5,43,4,4,0.08333333333333333,1.0,0.0,1.0,"{""AAAAAAAAA"": 4}"
1,38,8,8,muc16tss_renamed,4,50,6,44,4,4,0.08,1.0,0.0,1.0,"{""AAAAAAAAA"": 4}"
1,39,0,0,bst2_renamed,4,49,7,42,4,4,0.08163265306122448,1.0,0.0,1.0,"{""AAAAAAAAA"": 4}"
1,39,1,1,dse_renamed,4,48,6,42,4,4,0.08333333333333333,1.0,0.0,1.0,"{""AAAAAAAAA"": 4}"
1,39,2,2,erbb2_renamed,4,49,6,43,4,4,0.08163265306122448,1.0,0.0,1.0,"{""AAAAAAAAA"": 4}"
1,39,3,3,imp1_renamed,4,48,5,43,4,4,0.08333333333333333,1.0,0.0,1.0,"{""AAAAAAAAA"": 4}"
1,39,4,4,imp2_renamed,4,48,5,43,4,4,0.08333333333333333,1.0,0.0,1.0,"{""AAAAAAAAA"": 4}"
1,39,5,5,melana_renamed,4,49,6,43,4,4,0.08163265306122448,1.0,0.0,1.0,"{""AAAAAAAAA"": 4}"
1,39,6,6,mrp3_renamed,4,47,4,43,4,4,0.0851063829787234,1.0,0.0,1.0,"{""AAAAAAAAA"": 4}"
1,39,7,7,muc16ats_renamed,4,48,5,43,4,4,0.08333333333333333,1.0,0.0,1.0,"{""AAAAAAAAA"": 4}"
1,39,8,8,muc16tss_renamed,4,50,6,44,4,4,0.08,1.0,0.0,1.0,"{""AAAAAAAAA"": 4}"
1,40,0,0,bst2_renamed,4,49,7,42,4,4,0.08163265306122448,1.0,0.0,1.0,"{""AAAAAAAAA"": 4}"
1,40,1,1,dse_renamed,4,48,6,42,4,4,0.08333333333333333,1.0,0.0,1.0,"{""AAAAAAAAA"": 4}"
1,40,2,2,erbb2_renamed,4,49,6,43,4,4,0.08163265306122448,1.0,0.0,1.0,"{""AAAAAAAAA"": 4}"
1,40,3,3,imp1_renamed,4,48,5,43,4,4,0.08333333333333333,1.0,0.0,1.0,"{""AAAAAAAAA"": 4}"
1,40,4,4,imp2_renamed,4,48,5,43,4,4,0.08333333333333333,1.0,0.0,1.0,"{""AAAAAAAAA"": 4}"
1,40,5,5,melana_renamed,4,49,6,43,4,4,0.08163265306122448,1.0,0.0,1.0,"{""AAAAAAAAA"": 4}"
1,40,6,6,mrp3_renamed,4,47,4,43,4,4,0.0851063829787234,1.0,0.0,1.0,"{""AAAAAAAAA"": 4}"
1,40,7,7,muc16ats_renamed,4,48,5,43,4,4,0.08333333333333333,1.0,0.0,1.0,"{""AAAAAAAAA"": 4}"
1,40,8,8,muc16tss_renamed,4,50,6,44,4,4,0.08,1.0,0.0,1.0,"{""AAAAAAAAA"": 4}"
1,41,0,0,bst2_renamed,4,49,7,42,4,4,0.08163265306122448,1.0,0.0,1.0,"{""AAAAAAAAA"": 4}"
1,41,1,1,dse_renamed,4,48,6,42,4,4,0.08333333333333333,1.0,0.0,1.0,"{""AAAAAAAAA"": 4}"
1,41,2,2,erbb2_renamed,4,49,6,43,4,4,0.08163265306122448,1.0,0.0,1.0,"{""AAAAAAAAA"": 4}"
1,41,3,3,imp1_renamed,4,48,5,43,4,4,0.08333333333333333,1.0,0.0,1.0,"{""AAAAAAAAA"": 4}"
1,41,4,4,imp2_renamed,4,48,5,43,4,4,0.08333333333333333,1.0,0.0,1.0,"{""AAAAAAAAA"": 4}"
1,41,5,5,melana_renamed,4,49,6,43,4,4,0.08163265306122448,1.0,0.0,1.0,"{""AAAAAAAAA"": 4}"
1,41,6,6,mrp3_renamed,4,47,4,43,4,4,0.0851063829787234,1.0,0.0,1.0,"{""AAAAAAAAA"": 4}"
1,41,7,7,muc16ats_renamed,4,48,5,43,4,4,0.08333333333333333,1.0,0.0,1.0,"{""AAAAAAAAA"": 4}"
1,41,8,8,muc16tss_renamed,4,50,6,44,4,4,0.08,1.0,0.0,1.0,"{""AAAAAAAAA"": 4}"
1,42,0,0,bst2_renamed,4,49,7,42,4,4,0.08163265306122448,1.0,0.0,1.0,"{""AAAAAAAAA"": 4}"
1,42,1,1,dse_renamed,4,48,6,42,4,4,0.08333333333333333,1.0,0.0,1.0,"{""AAAAAAAAA"": 4}"
1,42,2,2,erbb2_renamed,4,49,6,43,4,4,0.08163265306122448,1.0,0.0,1.0,"{""AAAAAAAAA"": 4}"
1,42,3,3,imp1_renamed,4,48,5,43,4,4,0.08333333333333333,1.0,0.0,1.0,"{""AAAAAAAAA"": 4}"
1,42,4,4,imp2_renamed,4,48,5,43,4,4,0.08333333333333333,1.0,0.0,1.0,"{""AAAAAAAAA"": 4}"
1,42,5,5,melana_renamed,4,49,6,43,4,4,0.08163265306122448,1.0,0.0,1.0,"{""AAAAAAAAA"": 4}"
1,42,6,6,mrp3_renamed,4,47,4,43,4,4,0.0851063829787234,1.0,0.0,1.0,"{""AAAAAAAAA"": 4}"
1,42,7,7,muc16ats_renamed,4,48,5,43,4,4,0.08333333333333333,1.0,0.0,1.0,"{""AAAAAAAAA"": 4}"
1,42,8,8,muc16tss_renamed,4,50,6,44,4,4,0.08,1.0,0.0,1.0,"{""AAAAAAAAA"": 4}"
1,43,0,0,bst2_renamed,4,49,7,42,4,4,0.08163265306122448,1.0,0.0,1.0,"{""AAAAAAAAA"": 4}"
1,43,1,1,dse_renamed,4,48,6,42,4,4,0.08333333333333333,1.0,0.0,1.0,"{""AAAAAAAAA"": 4}"
1,43,2,2,erbb2_renamed,4,49,6,43,4,4,0.08163265306122448,1.0,0.0,1.0,"{""AAAAAAAAA"": 4}"
1,43,3,3,imp1_renamed,4,48,5,43,4,4,0.08333333333333333,1.0,0.0,1.0,"{""AAAAAAAAA"": 4}"
1,43,4,4,imp2_renamed,4,48,5,43,4,4,0.08333333333333333,1.0,0.0,1.0,"{""AAAAAAAAA"": 4}"
1,43,5,5,melana_renamed,4,49,6,43,4,4,0.08163265306122448,1.0,0.0,1.0,"{""AAAAAAAAA"": 4}"
1,43,6,6,mrp3_renamed,4,47,4,43,4,4,0.0851063829787234,1.0,0.0,1.0,"{""AAAAAAAAA"": 4}"
1,43,7,7,muc16ats_renamed,4,48,5,43,4,4,0.08333333333333333,1.0,0.0,1.0,"{""AAAAAAAAA"": 4}"
1,43,8,8,muc16tss_renamed,4,50,6,44,4,4,0.08,1.0,0.0,1.0,"{""AAAAAAAAA"": 4}"
1,44,0,0,bst2_renamed,4,49,7,42,4,4,0.08163265306122448,1.0,0.0,1.0,"{""AAAAAAAAA"": 4}"
1,44,1,1,dse_renamed,4,48,6,42,4,4,0.08333333333333333,1.0,0.0,1.0,"{""AAAAAAAAA"": 4}"
1,44,2,2,erbb2_renamed,4,49,6,43,4,4,0.08163265306122448,1.0,0.0,1.0,"{""AAAAAAAAA"": 4}"
1,44,3,3,imp1_renamed,4,48,5,43,4,4,0.08333333333333333,1.0,0.0,1.0,"{""AAAAAAAAA"": 4}"
1,44,4,4,imp2_renamed,4,48,5,43,4,4,0.08333333333333333,1.0,0.0,1.0,"{""AAAAAAAAA"": 4}"
1,44,5,5,melana_renamed,4,49,6,43,4,4,0.08163265306122448,1.0,0.0,1.0,"{""AAAAAAAAA"": 4}"
1,44,6,6,mrp3_renamed,4,47,4,43,4,4,0.0851063829787234,1.0,0.0,1.0,"{""AAAAAAAAA"": 4}"
1,44,7,7,muc16ats_renamed,4,48,5,43,4,4,0.08333333333333333,1.0,0.0,1.0,"{""AAAAAAAAA"": 4}"
1,44,8,8,muc16tss_renamed,4,50,6,44,4,4,0.08,1.0,0.0,1.0,"{""AAAAAAAAA"": 4}"
1,45,0,0,bst2_renamed,4,49,7,42,4,4,0.08163265306122448,1.0,0.0,1.0,"{""AAAAAAAAA"": 4}"
1,45,1,1,dse_renamed,4,48,6,42,4,4,0.08333333333333333,1.0,0.0,1.0,"{""AAAAAAAAA"": 4}"
1,45,2,2,erbb2_renamed,4,49,6,43,4,4,0.08163265306122448,1.0,0.0,1.0,"{""AAAAAAAAA"": 4}"
1,45,3,3,imp1_renamed,4,48,5,43,4,4,0.08333333333333333,1.0,0.0,1.0,"{""AAAAAAAAA"": 4}"
1,45,4,4,imp2_renamed,4,48,5,43,4,4,0.08333333333333333,1.0,0.0,1.0,"{""AAAAAAAAA"": 4}"
1,45,5,5,melana_renamed,4,49,6,43,4,4,0.08163265306122448,1.0,0.0,1.0,"{""AAAAAAAAA"": 4}"
1,45,6,6,mrp3_renamed,4,47,4,43,4,4,0.0851063829787234,1.0,0.0,1.0,"{""AAAAAAAAA"": 4}"
1,45,7,7,muc16ats_renamed,4,48,5,43,4,4,0.08333333333333333,1.0,0.0,1.0,"{""AAAAAAAAA"": 4}"
1,45,8,8,muc16tss_renamed,4,50,6,44,4,4,0.08,1.0,0.0,1.0,"{""AAAAAAAAA"": 4}"
1,46,0,0,bst2_renamed,4,49,7,42,4,4,0.08163265306122448,1.0,0.0,1.0,"{""AAAAAAAAA"": 4}"
1,46,1,1,dse_renamed,4,48,6,42,4,4,0.08333333333333333,1.0,0.0,1.0,"{""AAAAAAAAA"": 4}"
1,46,2,2,erbb2_renamed,4,49,6,43,4,4,0.08163265306122448,1.0,0.0,1.0,"{""AAAAAAAAA"": 4}"
1,46,3,3,imp1_renamed,4,48,5,43,4,4,0.08333333333333333,1.0,0.0,1.0,"{""AAAAAAAAA"": 4}"
1,46,4,4,imp2_renamed,4,48,5,43,4,4,0.08333333333333333,1.0,0.0,1.0,"{""AAAAAAAAA"": 4}"
1,46,5,5,melana_renamed,4,49,6,43,4,4,0.08163265306122448,1.0,0.0,1.0,"{""AAAAAAAAA"": 4}"
1,46,6,6,mrp3_renamed,4,47,4,43,4,4,0.0851063829787234,1.0,0.0,1.0,"{""AAAAAAAAA"": 4}"
1,46,7,7,muc16ats_renamed,4,48,5,43,4,4,0.08333333333333333,1.0,0.0,1.0,"{""AAAAAAAAA"": 4}"
1,46,8,8,muc16tss_renamed,4,50,6,44,4,4,0.08,1.0,0.0,1.0,"{""AAAAAAAAA"": 4}"
1,47,0,0,bst2_renamed,4,49,7,42,4,4,0.08163265306122448,1.0,0.0,1.0,"{""AAAAAAAAA"": 4}"
1,47,1,1,dse_renamed,4,48,6,42,4,4,0.08333333333333333,1.0,0.0,1.0,"{""AAAAAAAAA"": 4}"
1,47,2,2,erbb2_renamed,4,49,6,43,4,4,0.08163265306122448,1.0,0.0,1.0,"{""AAAAAAAAA"": 4}"
1,47,3,3,imp1_renamed,4,48,5,43,4,4,0.08333333333333333,1.0,0.0,1.0,"{""AAAAAAAAA"": 4}"
1,47,4,4,imp2_renamed,4,48,5,43,4,4,0.08333333333333333,1.0,0.0,1.0,"{""AAAAAAAAA"": 4}"
1,47,5,5,melana_renamed,4,49,6,43,4,4,0.08163265306122448,1.0,0.0,1.0,"{""AAAAAAAAA"": 4}"
1,47,6,6,mrp3_renamed,4,47,4,43,4,4,0.0851063829787234,1.0,0.0,1.0,"{""AAAAAAAAA"": 4}"
1,47,7,7,muc16ats_renamed,4,48,5,43,4,4,0.08333333333333333,1.0,0.0,1.0,"{""AAAAAAAAA"": 4}"
1,47,8,8,muc16tss_renamed,4,50,6,44,4,4,0.08,1.0,0.0,1.0,"{""AAAAAAAAA"": 4}"
1,48,0,0,bst2_renamed,4,49,7,42,4,4,0.08163265306122448,1.0,0.0,1.0,"{""AAAAAAAAA"": 4}"
1,48,1,1,dse_renamed,4,48,6,42,4,4,0.08333333333333333,1.0,0.0,1.0,"{""AAAAAAAAA"": 4}"
1,48,2,2,erbb2_renamed,4,49,6,43,4,4,0.08163265306122448,1.0,0.0,1.0,"{""AAAAAAAAA"": 4}"
1,48,3,3,imp1_renamed,4,48,5,43,4,4,0.08333333333333333,1.0,0.0,1.0,"{""AAAAAAAAA"": 4}"
1,48,4,4,imp2_renamed,4,48,5,43,4,4,0.08333333333333333,1.0,0.0,1.0,"{""AAAAAAAAA"": 4}"
1,48,5,5,melana_renamed,4,49,6,43,4,4,0.08163265306122448,1.0,0.0,1.0,"{""AAAAAAAAA"": 4}"
1,48,6,6,mrp3_renamed,4,47,4,43,4,4,0.0851063829787234,1.0,0.0,1.0,"{""AAAAAAAAA"": 4}"
1,48,7,7,muc16ats_renamed,4,48,5,43,4,4,0.08333333333333333,1.0,0.0,1.0,"{""AAAAAAAAA"": 4}"
1,48,8,8,muc16tss_renamed,4,50,6,44,4,4,0.08,1.0,0.0,1.0,"{""AAAAAAAAA"": 4}"
1,49,0,0,bst2_renamed,4,49,7,42,4,4,0.08163265306122448,1.0,0.0,1.0,"{""AAAAAAAAA"": 4}"
1,49,1,1,dse_renamed,4,48,6,42,4,4,0.08333333333333333,1.0,0.0,1.0,"{""AAAAAAAAA"": 4}"
1,49,2,2,erbb2_renamed,4,49,6,43,4,4,0.08163265306122448,1.0,0.0,1.0,"{""AAAAAAAAA"": 4}"
1,49,3,3,imp1_renamed,4,48,5,43,4,4,0.08333333333333333,1.0,0.0,1.0,"{""AAAAAAAAA"": 4}"
1,49,4,4,imp2_renamed,4,48,5,43,4,4,0.08333333333333333,1.0,0.0,1.0,"{""AAAAAAAAA"": 4}"
1,49,5,5,melana_renamed,4,49,6,43,4,4,0.08163265306122448,1.0,0.0,1.0,"{""AAAAAAAAA"": 4}"
1,49,6,6,mrp3_renamed,4,47,4,43,4,4,0.0851063829787234,1.0,0.0,1.0,"{""AAAAAAAAA"": 4}"
1,49,7,7,muc16ats_renamed,4,48,5,43,4,4,0.08333333333333333,1.0,0.0,1.0,"{""AAAAAAAAA"": 4}"
1,49,8,8,muc16tss_renamed,4,50,6,44,4,4,0.08,1.0,0.0,1.0,"{""AAAAAAAAA"": 4}"
1,50,0,0,bst2_renamed,4,49,7,42,4,4,0.08163265306122448,1.0,0.0,1.0,"{""AAAAAAAAA"": 4}"
1,50,1,1,dse_renamed,4,48,6,42,4,4,0.08333333333333333,1.0,0.0,1.0,"{""AAAAAAAAA"": 4}"
1,50,2,2,erbb2_renamed,4,49,6,43,4,4,0.08163265306122448,1.0,0.0,1.0,"{""AAAAAAAAA"": 4}"
1,50,3,3,imp1_renamed,4,48,5,43,4,4,0.08333333333333333,1.0,0.0,1.0,"{""AAAAAAAAA"": 4}"
1,50,4,4,imp2_renamed,4,48,5,43,4,4,0.08333333333333333,1.0,0.0,1.0,"{""AAAAAAAAA"": 4}"
1,50,5,5,melana_renamed,4,49,6,43,4,4,0.08163265306122448,1.0,0.0,1.0,"{""AAAAAAAAA"": 4}"
1,50,6,6,mrp3_renamed,4,47,4,43,4,4,0.0851063829787234,1.0,0.0,1.0,"{""AAAAAAAAA"": 4}"
1,50,7,7,muc16ats_renamed,4,48,5,43,4,4,0.08333333333333333,1.0,0.0,1.0,"{""AAAAAAAAA"": 4}"
1,50,8,8,muc16tss_renamed,4,50,6,44,4,4,0.08,1.0,0.0,1.0,"{""AAAAAAAAA"": 4}"
1,51,0,0,bst2_renamed,4,49,7,42,4,4,0.08163265306122448,1.0,0.0,1.0,"{""AAAAAAAAA"": 4}"
1,51,1,1,dse_renamed,4,48,6,42,4,4,0.08333333333333333,1.0,0.0,1.0,"{""AAAAAAAAA"": 4}"
1,51,2,2,erbb2_renamed,4,49,6,43,4,4,0.08163265306122448,1.0,0.0,1.0,"{""AAAAAAAAA"": 4}"
1,51,3,3,imp1_renamed,4,48,5,43,4,4,0.08333333333333333,1.0,0.0,1.0,"{""AAAAAAAAA"": 4}"
1,51,4,4,imp2_renamed,4,48,5,43,4,4,0.08333333333333333,1.0,0.0,1.0,"{""AAAAAAAAA"": 4}"
1,51,5,5,melana_renamed,4,49,6,43,4,4,0.08163265306122448,1.0,0.0,1.0,"{""AAAAAAAAA"": 4}"
1,51,6,6,mrp3_renamed,4,47,4,43,4,4,0.0851063829787234,1.0,0.0,1.0,"{""AAAAAAAAA"": 4}"
1,51,7,7,muc16ats_renamed,4,48,5,43,4,4,0.08333333333333333,1.0,0.0,1.0,"{""AAAAAAAAA"": 4}"
1,51,8,8,muc16tss_renamed,4,50,6,44,4,4,0.08,1.0,0.0,1.0,"{""AAAAAAAAA"": 4}"
1,52,0,0,bst2_renamed,4,49,7,42,4,4,0.08163265306122448,1.0,0.0,1.0,"{""AAAAAAAAA"": 4}"
1,52,1,1,dse_renamed,4,48,6,42,4,4,0.08333333333333333,1.0,0.0,1.0,"{""AAAAAAAAA"": 4}"
1,52,2,2,erbb2_renamed,4,49,6,43,4,4,0.08163265306122448,1.0,0.0,1.0,"{""AAAAAAAAA"": 4}"
1,52,3,3,imp1_renamed,4,48,5,43,4,4,0.08333333333333333,1.0,0.0,1.0,"{""AAAAAAAAA"": 4}"
1,52,4,4,imp2_renamed,4,48,5,43,4,4,0.08333333333333333,1.0,0.0,1.0,"{""AAAAAAAAA"": 4}"
1,52,5,5,melana_renamed,4,49,6,43,4,4,0.08163265306122448,1.0,0.0,1.0,"{""AAAAAAAAA"": 4}"
1,52,6,6,mrp3_renamed,4,47,4,43,4,4,0.0851063829787234,1.0,0.0,1.0,"{""AAAAAAAAA"": 4}"
1,52,7,7,muc16ats_renamed,4,48,5,43,4,4,0.08333333333333333,1.0,0.0,1.0,"{""AAAAAAAAA"": 4}"
1,52,8,8,muc16tss_renamed,4,50,6,44,4,4,0.08,1.0,0.0,1.0,"{""AAAAAAAAA"": 4}"
1,53,0,0,bst2_renamed,4,49,7,42,4,4,0.08163265306122448,1.0,0.0,1.0,"{""AAAAAAAAA"": 4}"
1,53,1,1,dse_renamed,4,48,6,42,4,4,0.08333333333333333,1.0,0.0,1.0,"{""AAAAAAAAA"": 4}"
1,53,2,2,erbb2_renamed,4,49,6,43,4,4,0.08163265306122448,1.0,0.0,1.0,"{""AAAAAAAAA"": 4}"
1,53,3,3,imp1_renamed,4,48,5,43,4,4,0.08333333333333333,1.0,0.0,1.0,"{""AAAAAAAAA"": 4}"
1,53,4,4,imp2_renamed,4,48,5,43,4,4,0.08333333333333333,1.0,0.0,1.0,"{""AAAAAAAAA"": 4}"
1,53,5,5,melana_renamed,4,49,6,43,4,4,0.08163265306122448,1.0,0.0,1.0,"{""AAAAAAAAA"": 4}"
1,53,6,6,mrp3_renamed,4,47,4,43,4,4,0.0851063829787234,1.0,0.0,1.0,"{""AAAAAAAAA"": 4}"
1,53,7,7,muc16ats_renamed,4,48,5,43,4,4,0.08333333333333333,1.0,0.0,1.0,"{""AAAAAAAAA"": 4}"
1,53,8,8,muc16tss_renamed,4,50,6,44,4,4,0.08,1.0,0.0,1.0,"{""AAAAAAAAA"": 4}"
1,54,0,0,bst2_renamed,4,49,7,42,4,4,0.08163265306122448,1.0,0.0,1.0,"{""AAAAAAAAA"": 4}"
1,54,1,1,dse_renamed,4,48,6,42,4,4,0.08333333333333333,1.0,0.0,1.0,"{""AAAAAAAAA"": 4}"
1,54,2,2,erbb2_renamed,4,49,6,43,4,4,0.08163265306122448,1.0,0.0,1.0,"{""AAAAAAAAA"": 4}"
1,54,3,3,imp1_renamed,4,48,5,43,4,4,0.08333333333333333,1.0,0.0,1.0,"{""AAAAAAAAA"": 4}"
1,54,4,4,imp2_renamed,4,48,5,43,4,4,0.08333333333333333,1.0,0.0,1.0,"{""AAAAAAAAA"": 4}"
1,54,5,5,melana_renamed,4,49,6,43,4,4,0.08163265306122448,1.0,0.0,1.0,"{""AAAAAAAAA"": 4}"
1,54,6,6,mrp3_renamed,4,47,4,43,4,4,0.0851063829787234,1.0,0.0,1.0,"{""AAAAAAAAA"": 4}"
1,54,7,7,muc16ats_renamed,4,48,5,43,4,4,0.08333333333333333,1.0,0.0,1.0,"{""AAAAAAAAA"": 4}"
1,54,8,8,muc16tss_renamed,4,50,6,44,4,4,0.08,1.0,0.0,1.0,"{""AAAAAAAAA"": 4}"
1,55,0,0,bst2_renamed,4,49,7,42,4,4,0.08163265306122448,1.0,0.0,1.0,"{""AAAAAAAAA"": 4}"
1,55,1,1,dse_renamed,4,48,6,42,4,4,0.08333333333333333,1.0,0.0,1.0,"{""AAAAAAAAA"": 4}"
1,55,2,2,erbb2_renamed,4,49,6,43,4,4,0.08163265306122448,1.0,0.0,1.0,"{""AAAAAAAAA"": 4}"
1,55,3,3,imp1_renamed,4,48,5,43,4,4,0.08333333333333333,1.0,0.0,1.0,"{""AAAAAAAAA"": 4}"
1,55,4,4,imp2_renamed,4,48,5,43,4,4,0.08333333333333333,1.0,0.0,1.0,"{""AAAAAAAAA"": 4}"
1,55,5,5,melana_renamed,4,49,6,43,4,4,0.08163265306122448,1.0,0.0,1.0,"{""AAAAAAAAA"": 4}"
1,55,6,6,mrp3_renamed,4,47,4,43,4,4,0.0851063829787234,1.0,0.0,1.0,"{""AAAAAAAAA"": 4}"
1,55,7,7,muc16ats_renamed,4,48,5,43,4,4,0.08333333333333333,1.0,0.0,1.0,"{""AAAAAAAAA"": 4}"
1,55,8,8,muc16tss_renamed,4,50,6,44,4,4,0.08,1.0,0.0,1.0,"{""AAAAAAAAA"": 4}"
1,56,0,0,bst2_renamed,4,49,7,42,4,4,0.08163265306122448,1.0,0.0,1.0,"{""AAAAAAAAA"": 4}"
1,56,1,1,dse_renamed,4,48,6,42,4,4,0.08333333333333333,1.0,0.0,1.0,"{""AAAAAAAAA"": 4}"
1,56,2,2,erbb2_renamed,4,49,6,43,4,4,0.08163265306122448,1.0,0.0,1.0,"{""AAAAAAAAA"": 4}"
1,56,3,3,imp1_renamed,4,48,5,43,4,4,0.08333333333333333,1.0,0.0,1.0,"{""AAAAAAAAA"": 4}"
1,56,4,4,imp2_renamed,4,48,5,43,4,4,0.08333333333333333,1.0,0.0,1.0,"{""AAAAAAAAA"": 4}"
1,56,5,5,melana_renamed,4,49,6,43,4,4,0.08163265306122448,1.0,0.0,1.0,"{""AAAAAAAAA"": 4}"
1,56,6,6,mrp3_renamed,4,47,4,43,4,4,0.0851063829787234,1.0,0.0,1.0,"{""AAAAAAAAA"": 4}"
1,56,7,7,muc16ats_renamed,4,48,5,43,4,4,0.08333333333333333,1.0,0.0,1.0,"{""AAAAAAAAA"": 4}"
1,56,8,8,muc16tss_renamed,4,50,6,44,4,4,0.08,1.0,0.0,1.0,"{""AAAAAAAAA"": 4}"
1,57,0,0,bst2_renamed,4,49,7,42,4,4,0.08163265306122448,1.0,0.0,1.0,"{""AAAAAAAAA"": 4}"
1,57,1,1,dse_renamed,4,48,6,42,4,4,0.08333333333333333,1.0,0.0,1.0,"{""AAAAAAAAA"": 4}"
1,57,2,2,erbb2_renamed,4,49,6,43,4,4,0.08163265306122448,1.0,0.0,1.0,"{""AAAAAAAAA"": 4}"
1,57,3,3,imp1_renamed,4,48,5,43,4,4,0.08333333333333333,1.0,0.0,1.0,"{""AAAAAAAAA"": 4}"
1,57,4,4,imp2_renamed,4,48,5,43,4,4,0.08333333333333333,1.0,0.0,1.0,"{""AAAAAAAAA"": 4}"
1,57,5,5,melana_renamed,4,49,6,43,4,4,0.08163265306122448,1.0,0.0,1.0,"{""AAAAAAAAA"": 4}"
1,57,6,6,mrp3_renamed,4,47,4,43,4,4,0.0851063829787234,1.0,0.0,1.0,"{""AAAAAAAAA"": 4}"
1,57,7,7,muc16ats_renamed,4,48,5,43,4,4,0.08333333333333333,1.0,0.0,1.0,"{""AAAAAAAAA"": 4}"
1,57,8,8,muc16tss_renamed,4,50,6,44,4,4,0.08,1.0,0.0,1.0,"{""AAAAAAAAA"": 4}"
1,58,0,0,bst2_renamed,4,49,7,42,4,4,0.08163265306122448,1.0,0.0,1.0,"{""AAAAAAAAA"": 4}"
1,58,1,1,dse_renamed,4,48,6,42,4,4,0.08333333333333333,1.0,0.0,1.0,"{""AAAAAAAAA"": 4}"
1,58,2,2,erbb2_renamed,4,49,6,43,4,4,0.08163265306122448,1.0,0.0,1.0,"{""AAAAAAAAA"": 4}"
1,58,3,3,imp1_renamed,4,48,5,43,4,4,0.08333333333333333,1.0,0.0,1.0,"{""AAAAAAAAA"": 4}"
1,58,4,4,imp2_renamed,4,48,5,43,4,4,0.08333333333333333,1.0,0.0,1.0,"{""AAAAAAAAA"": 4}"
1,58,5,5,melana_renamed,4,49,6,43,4,4,0.08163265306122448,1.0,0.0,1.0,"{""AAAAAAAAA"": 4}"
1,58,6,6,mrp3_renamed,4,47,4,43,4,4,0.0851063829787234,1.0,0.0,1.0,"{""AAAAAAAAA"": 4}"
1,58,7,7,muc16ats_renamed,4,48,5,43,4,4,0.08333333333333333,1.0,0.0,1.0,"{""AAAAAAAAA"": 4}"
1,58,8,8,muc16tss_renamed,4,50,6,44,4,4,0.08,1.0,0.0,1.0,"{""AAAAAAAAA"": 4}"
1,59,0,0,bst2_renamed,4,49,7,42,4,4,0.08163265306122448,1.0,0.0,1.0,"{""AAAAAAAAA"": 4}"
1,59,1,1,dse_renamed,4,48,6,42,4,4,0.08333333333333333,1.0,0.0,1.0,"{""AAAAAAAAA"": 4}"
1,59,2,2,erbb2_renamed,4,49,6,43,4,4,0.08163265306122448,1.0,0.0,1.0,"{""AAAAAAAAA"": 4}"
1,59,3,3,imp1_renamed,4,48,5,43,4,4,0.08333333333333333,1.0,0.0,1.0,"{""AAAAAAAAA"": 4}"
1,59,4,4,imp2_renamed,4,48,5,43,4,4,0.08333333333333333,1.0,0.0,1.0,"{""AAAAAAAAA"": 4}"
1,59,5,5,melana_renamed,4,49,6,43,4,4,0.08163265306122448,1.0,0.0,1.0,"{""AAAAAAAAA"": 4}"
1,59,6,6,mrp3_renamed,4,47,4,43,4,4,0.0851063829787234,1.0,0.0,1.0,"{""AAAAAAAAA"": 4}"
1,59,7,7,muc16ats_renamed,4,48,5,43,4,4,0.08333333333333333,1.0,0.0,1.0,"{""AAAAAAAAA"": 4}"
1,59,8,8,muc16tss_renamed,4,50,6,44,4,4,0.08,1.0,0.0,1.0,"{""AAAAAAAAA"": 4}"
1,60,0,0,bst2_renamed,4,49,7,42,4,4,0.08163265306122448,1.0,0.0,1.0,"{""AAAAAAAAA"": 4}"
1,60,1,1,dse_renamed,4,48,6,42,4,4,0.08333333333333333,1.0,0.0,1.0,"{""AAAAAAAAA"": 4}"
1,60,2,2,erbb2_renamed,4,49,6,43,4,4,0.08163265306122448,1.0,0.0,1.0,"{""AAAAAAAAA"": 4}"
1,60,3,3,imp1_renamed,4,48,5,43,4,4,0.08333333333333333,1.0,0.0,1.0,"{""AAAAAAAAA"": 4}"
1,60,4,4,imp2_renamed,4,48,5,43,4,4,0.08333333333333333,1.0,0.0,1.0,"{""AAAAAAAAA"": 4}"
1,60,5,5,melana_renamed,4,49,6,43,4,4,0.08163265306122448,1.0,0.0,1.0,"{""AAAAAAAAA"": 4}"
1,60,6,6,mrp3_renamed,4,47,4,43,4,4,0.0851063829787234,1.0,0.0,1.0,"{""AAAAAAAAA"": 4}"
1,60,7,7,muc16ats_renamed,4,48,5,43,4,4,0.08333333333333333,1.0,0.0,1.0,"{""AAAAAAAAA"": 4}"
1,60,8,8,muc16tss_renamed,4,50,6,44,4,4,0.08,1.0,0.0,1.0,"{""AAAAAAAAA"": 4}"
1,61,0,0,bst2_renamed,4,49,7,42,4,4,0.08163265306122448,1.0,0.0,1.0,"{""AAAAAAAAA"": 4}"
1,61,1,1,dse_renamed,4,48,6,42,4,4,0.08333333333333333,1.0,0.0,1.0,"{""AAAAAAAAA"": 4}"
1,61,2,2,erbb2_renamed,4,49,6,43,4,4,0.08163265306122448,1.0,0.0,1.0,"{""AAAAAAAAA"": 4}"
1,61,3,3,imp1_renamed,4,48,5,43,4,4,0.08333333333333333,1.0,0.0,1.0,"{""AAAAAAAAA"": 4}"
1,61,4,4,imp2_renamed,4,48,5,43,4,4,0.08333333333333333,1.0,0.0,1.0,"{""AAAAAAAAA"": 4}"
1,61,5,5,melana_renamed,4,49,6,43,4,4,0.08163265306122448,1.0,0.0,1.0,"{""AAAAAAAAA"": 4}"
1,61,6,6,mrp3_renamed,4,47,4,43,4,4,0.0851063829787234,1.0,0.0,1.0,"{""AAAAAAAAA"": 4}"
1,61,7,7,muc16ats_renamed,4,48,5,43,4,4,0.08333333333333333,1.0,0.0,1.0,"{""AAAAAAAAA"": 4}"
1,61,8,8,muc16tss_renamed,4,50,6,44,4,4,0.08,1.0,0.0,1.0,"{""AAAAAAAAA"": 4}"
1,62,0,0,bst2_renamed,4,49,7,42,4,4,0.08163265306122448,1.0,0.0,1.0,"{""AAAAAAAAA"": 4}"
1,62,1,1,dse_renamed,4,48,6,42,4,4,0.08333333333333333,1.0,0.0,1.0,"{""AAAAAAAAA"": 4}"
1,62,2,2,erbb2_renamed,4,49,6,43,4,4,0.08163265306122448,1.0,0.0,1.0,"{""AAAAAAAAA"": 4}"
1,62,3,3,imp1_renamed,4,48,5,43,4,4,0.08333333333333333,1.0,0.0,1.0,"{""AAAAAAAAA"": 4}"
1,62,4,4,imp2_renamed,4,48,5,43,4,4,0.08333333333333333,1.0,0.0,1.0,"{""AAAAAAAAA"": 4}"
1,62,5,5,melana_renamed,4,49,6,43,4,4,0.08163265306122448,1.0,0.0,1.0,"{""AAAAAAAAA"": 4}"
1,62,6,6,mrp3_renamed,4,47,4,43,4,4,0.0851063829787234,1.0,0.0,1.0,"{""AAAAAAAAA"": 4}"
1,62,7,7,muc16ats_renamed,4,48,5,43,4,4,0.08333333333333333,1.0,0.0,1.0,"{""AAAAAAAAA"": 4}"
1,62,8,8,muc16tss_renamed,4,50,6,44,4,4,0.08,1.0,0.0,1.0,"{""AAAAAAAAA"": 4}"
1,63,0,0,bst2_renamed,4,49,7,42,4,4,0.08163265306122448,1.0,0.0,1.0,"{""AAAAAAAAA"": 4}"
1,63,1,1,dse_renamed,4,48,6,42,4,4,0.08333333333333333,1.0,0.0,1.0,"{""AAAAAAAAA"": 4}"
1,63,2,2,erbb2_renamed,4,49,6,43,4,4,0.08163265306122448,1.0,0.0,1.0,"{""AAAAAAAAA"": 4}"
1,63,3,3,imp1_renamed,4,48,5,43,4,4,0.08333333333333333,1.0,0.0,1.0,"{""AAAAAAAAA"": 4}"
1,63,4,4,imp2_renamed,4,48,5,43,4,4,0.08333333333333333,1.0,0.0,1.0,"{""AAAAAAAAA"": 4}"
1,63,5,5,melana_renamed,4,49,6,43,4,4,0.08163265306122448,1.0,0.0,1.0,"{""AAAAAAAAA"": 4}"
1,63,6,6,mrp3_renamed,4,47,4,43,4,4,0.0851063829787234,1.0,0.0,1.0,"{""AAAAAAAAA"": 4}"
1,63,7,7,muc16ats_renamed,4,48,5,43,4,4,0.08333333333333333,1.0,0.0,1.0,"{""AAAAAAAAA"": 4}"
1,63,8,8,muc16tss_renamed,4,50,6,44,4,4,0.08,1.0,0.0,1.0,"{""AAAAAAAAA"": 4}"
1,64,0,0,bst2_renamed,4,49,7,42,4,4,0.08163265306122448,1.0,0.0,1.0,"{""AAAAAAAAA"": 4}"
1,64,1,1,dse_renamed,4,48,6,42,4,4,0.08333333333333333,1.0,0.0,1.0,"{""AAAAAAAAA"": 4}"
1,64,2,2,erbb2_renamed,4,49,6,43,4,4,0.08163265306122448,1.0,0.0,1.0,"{""AAAAAAAAA"": 4}"
1,64,3,3,imp1_renamed,4,48,5,43,4,4,0.08333333333333333,1.0,0.0,1.0,"{""AAAAAAAAA"": 4}"
1,64,4,4,imp2_renamed,4,48,5,43,4,4,0.08333333333333333,1.0,0.0,1.0,"{""AAAAAAAAA"": 4}"
1,64,5,5,melana_renamed,4,49,6,43,4,4,0.08163265306122448,1.0,0.0,1.0,"{""AAAAAAAAA"": 4}"
1,64,6,6,mrp3_renamed,4,47,4,43,4,4,0.0851063829787234,1.0,0.0,1.0,"{""AAAAAAAAA"": 4}"
1,64,7,7,muc16ats_renamed,4,48,5,43,4,4,0.08333333333333333,1.0,0.0,1.0,"{""AAAAAAAAA"": 4}"
1,64,8,8,muc16tss_renamed,4,50,6,44,4,4,0.08,1.0,0.0,1.0,"{""AAAAAAAAA"": 4}"
1,65,0,0,bst2_renamed,4,49,7,42,4,4,0.08163265306122448,1.0,0.0,1.0,"{""AAAAAAAAA"": 4}"
1,65,1,1,dse_renamed,4,48,6,42,4,4,0.08333333333333333,1.0,0.0,1.0,"{""AAAAAAAAA"": 4}"
1,65,2,2,erbb2_renamed,4,49,6,43,4,4,0.08163265306122448,1.0,0.0,1.0,"{""AAAAAAAAA"": 4}"
1,65,3,3,imp1_renamed,4,48,5,43,4,4,0.08333333333333333,1.0,0.0,1.0,"{""AAAAAAAAA"": 4}"
1,65,4,4,imp2_renamed,4,48,5,43,4,4,0.08333333333333333,1.0,0.0,1.0,"{""AAAAAAAAA"": 4}"
1,65,5,5,melana_renamed,4,49,6,43,4,4,0.08163265306122448,1.0,0.0,1.0,"{""AAAAAAAAA"": 4}"
1,65,6,6,mrp3_renamed,4,47,4,43,4,4,0.0851063829787234,1.0,0.0,1.0,"{""AAAAAAAAA"": 4}"
1,65,7,7,muc16ats_renamed,4,48,5,43,4,4,0.08333333333333333,1.0,0.0,1.0,"{""AAAAAAAAA"": 4}"
1,65,8,8,muc16tss_renamed,4,50,6,44,4,4,0.08,1.0,0.0,1.0,"{""AAAAAAAAA"": 4}"
1,66,0,0,bst2_renamed,4,49,7,42,4,4,0.08163265306122448,1.0,0.0,1.0,"{""AAAAAAAAA"": 4}"
1,66,1,1,dse_renamed,4,48,6,42,4,4,0.08333333333333333,1.0,0.0,1.0,"{""AAAAAAAAA"": 4}"
1,66,2,2,erbb2_renamed,4,49,6,43,4,4,0.08163265306122448,1.0,0.0,1.0,"{""AAAAAAAAA"": 4}"
1,66,3,3,imp1_renamed,4,48,5,43,4,4,0.08333333333333333,1.0,0.0,1.0,"{""AAAAAAAAA"": 4}"
1,66,4,4,imp2_renamed,4,48,5,43,4,4,0.08333333333333333,1.0,0.0,1.0,"{""AAAAAAAAA"": 4}"
1,66,5,5,melana_renamed,4,49,6,43,4,4,0.08163265306122448,1.0,0.0,1.0,"{""AAAAAAAAA"": 4}"
1,66,6,6,mrp3_renamed,4,47,4,43,4,4,0.0851063829787234,1.0,0.0,1.0,"{""AAAAAAAAA"": 4}"
1,66,7,7,muc16ats_renamed,4,48,5,43,4,4,0.08333333333333333,1.0,0.0,1.0,"{""AAAAAAAAA"": 4}"
1,66,8,8,muc16tss_renamed,4,50,6,44,4,4,0.08,1.0,0.0,1.0,"{""AAAAAAAAA"": 4}"
1,67,0,0,bst2_renamed,4,49,7,42,4,4,0.08163265306122448,1.0,0.0,1.0,"{""AAAAAAAAA"": 4}"
1,67,1,1,dse_renamed,4,48,6,42,4,4,0.08333333333333333,1.0,0.0,1.0,"{""AAAAAAAAA"": 4}"
1,67,2,2,erbb2_renamed,4,49,6,43,4,4,0.08163265306122448,1.0,0.0,1.0,"{""AAAAAAAAA"": 4}"
1,67,3,3,imp1_renamed,4,48,5,43,4,4,0.08333333333333333,1.0,0.0,1.0,"{""AAAAAAAAA"": 4}"
1,67,4,4,imp2_renamed,4,48,5,43,4,4,0.08333333333333333,1.0,0.0,1.0,"{""AAAAAAAAA"": 4}"
1,67,5,5,melana_renamed,4,49,6,43,4,4,0.08163265306122448,1.0,0.0,1.0,"{""AAAAAAAAA"": 4}"
1,67,6,6,mrp3_renamed,4,47,4,43,4,4,0.0851063829787234,1.0,0.0,1.0,"{""AAAAAAAAA"": 4}"
1,67,7,7,muc16ats_renamed,4,48,5,43,4,4,0.08333333333333333,1.0,0.0,1.0,"{""AAAAAAAAA"": 4}"
1,67,8,8,muc16tss_renamed,4,50,6,44,4,4,0.08,1.0,0.0,1.0,"{""AAAAAAAAA"": 4}"
1,68,0,0,bst2_renamed,4,49,7,42,4,4,0.08163265306122448,1.0,0.0,1.0,"{""AAAAAAAAA"": 4}"
1,68,1,1,dse_renamed,4,48,6,42,4,4,0.08333333333333333,1.0,0.0,1.0,"{""AAAAAAAAA"": 4}"
1,68,2,2,erbb2_renamed,4,49,6,43,4,4,0.08163265306122448,1.0,0.0,1.0,"{""AAAAAAAAA"": 4}"
1,68,3,3,imp1_renamed,4,48,5,43,4,4,0.08333333333333333,1.0,0.0,1.0,"{""AAAAAAAAA"": 4}"
1,68,4,4,imp2_renamed,4,48,5,43,4,4,0.08333333333333333,1.0,0.0,1.0,"{""AAAAAAAAA"": 4}"
1,68,5,5,melana_renamed,4,49,6,43,4,4,0.08163265306122448,1.0,0.0,1.0,"{""AAAAAAAAA"": 4}"
1,68,6,6,mrp3_renamed,4,47,4,43,4,4,0.0851063829787234,1.0,0.0,1.0,"{""AAAAAAAAA"": 4}"
1,68,7,7,muc16ats_renamed,4,48,5,43,4,4,0.08333333333333333,1.0,0.0,1.0,"{""AAAAAAAAA"": 4}"
1,68,8,8,muc16tss_renamed,4,50,6,44,4,4,0.08,1.0,0.0,1.0,"{""AAAAAAAAA"": 4}"
1,69,0,0,bst2_renamed,4,49,7,42,4,4,0.08163265306122448,1.0,0.0,1.0,"{""AAAAAAAAA"": 4}"
1,69,1,1,dse_renamed,4,48,6,42,4,4,0.08333333333333333,1.0,0.0,1.0,"{""AAAAAAAAA"": 4}"
1,69,2,2,erbb2_renamed,4,49,6,43,4,4,0.08163265306122448,1.0,0.0,1.0,"{""AAAAAAAAA"": 4}"
1,69,3,3,imp1_renamed,4,48,5,43,4,4,0.08333333333333333,1.0,0.0,1.0,"{""AAAAAAAAA"": 4}"
1,69,4,4,imp2_renamed,4,48,5,43,4,4,0.08333333333333333,1.0,0.0,1.0,"{""AAAAAAAAA"": 4}"
1,69,5,5,melana_renamed,4,49,6,43,4,4,0.08163265306122448,1.0,0.0,1.0,"{""AAAAAAAAA"": 4}"
1,69,6,6,mrp3_renamed,4,47,4,43,4,4,0.0851063829787234,1.0,0.0,1.0,"{""AAAAAAAAA"": 4}"
1,69,7,7,muc16ats_renamed,4,48,5,43,4,4,0.08333333333333333,1.0,0.0,1.0,"{""AAAAAAAAA"": 4}"
1,69,8,8,muc16tss_renamed,4,50,6,44,4,4,0.08,1.0,0.0,1.0,"{""AAAAAAAAA"": 4}"
1,70,0,0,bst2_renamed,4,49,7,42,4,4,0.08163265306122448,1.0,0.0,1.0,"{""AAAAAAAAA"": 4}"
1,70,1,1,dse_renamed,4,48,6,42,4,4,0.08333333333333333,1.0,0.0,1.0,"{""AAAAAAAAA"": 4}"
1,70,2,2,erbb2_renamed,4,49,6,43,4,4,0.08163265306122448,1.0,0.0,1.0,"{""AAAAAAAAA"": 4}"
1,70,3,3,imp1_renamed,4,48,5,43,4,4,0.08333333333333333,1.0,0.0,1.0,"{""AAAAAAAAA"": 4}"
1,70,4,4,imp2_renamed,4,48,5,43,4,4,0.08333333333333333,1.0,0.0,1.0,"{""AAAAAAAAA"": 4}"
1,70,5,5,melana_renamed,4,49,6,43,4,4,0.08163265306122448,1.0,0.0,1.0,"{""AAAAAAAAA"": 4}"
1,70,6,6,mrp3_renamed,4,47,4,43,4,4,0.0851063829787234,1.0,0.0,1.0,"{""AAAAAAAAA"": 4}"
1,70,7,7,muc16ats_renamed,4,48,5,43,4,4,0.08333333333333333,1.0,0.0,1.0,"{""AAAAAAAAA"": 4}"
1,70,8,8,muc16tss_renamed,4,50,6,44,4,4,0.08,1.0,0.0,1.0,"{""AAAAAAAAA"": 4}"
1,71,0,0,bst2_renamed,4,49,7,42,4,4,0.08163265306122448,1.0,0.0,1.0,"{""AAAAAAAAA"": 4}"
1,71,1,1,dse_renamed,4,48,6,42,4,4,0.08333333333333333,1.0,0.0,1.0,"{""AAAAAAAAA"": 4}"
1,71,2,2,erbb2_renamed,4,49,6,43,4,4,0.08163265306122448,1.0,0.0,1.0,"{""AAAAAAAAA"": 4}"
1,71,3,3,imp1_renamed,4,48,5,43,4,4,0.08333333333333333,1.0,0.0,1.0,"{""AAAAAAAAA"": 4}"
1,71,4,4,imp2_renamed,4,48,5,43,4,4,0.08333333333333333,1.0,0.0,1.0,"{""AAAAAAAAA"": 4}"
1,71,5,5,melana_renamed,4,49,6,43,4,4,0.08163265306122448,1.0,0.0,1.0,"{""AAAAAAAAA"": 4}"
1,71,6,6,mrp3_renamed,4,47,4,43,4,4,0.0851063829787234,1.0,0.0,1.0,"{""AAAAAAAAA"": 4}"
1,71,7,7,muc16ats_renamed,4,48,5,43,4,4,0.08333333333333333,1.0,0.0,1.0,"{""AAAAAAAAA"": 4}"
1,71,8,8,muc16tss_renamed,4,50,6,44,4,4,0.08,1.0,0.0,1.0,"{""AAAAAAAAA"": 4}"
1,72,0,0,bst2_renamed,4,49,7,42,4,4,0.08163265306122448,1.0,0.0,1.0,"{""AAAAAAAAA"": 4}"
1,72,1,1,dse_renamed,4,48,6,42,4,4,0.08333333333333333,1.0,0.0,1.0,"{""AAAAAAAAA"": 4}"
1,72,2,2,erbb2_renamed,4,49,6,43,4,4,0.08163265306122448,1.0,0.0,1.0,"{""AAAAAAAAA"": 4}"
1,72,3,3,imp1_renamed,4,48,5,43,4,4,0.08333333333333333,1.0,0.0,1.0,"{""AAAAAAAAA"": 4}"
1,72,4,4,imp2_renamed,4,48,5,43,4,4,0.08333333333333333,1.0,0.0,1.0,"{""AAAAAAAAA"": 4}"
1,72,5,5,melana_renamed,4,49,6,43,4,4,0.08163265306122448,1.0,0.0,1.0,"{""AAAAAAAAA"": 4}"
1,72,6,6,mrp3_renamed,4,47,4,43,4,4,0.0851063829787234,1.0,0.0,1.0,"{""AAAAAAAAA"": 4}"
1,72,7,7,muc16ats_renamed,4,48,5,43,4,4,0.08333333333333333,1.0,0.0,1.0,"{""AAAAAAAAA"": 4}"
1,72,8,8,muc16tss_renamed,4,50,6,44,4,4,0.08,1.0,0.0,1.0,"{""AAAAAAAAA"": 4}"
1,73,0,0,bst2_renamed,4,49,7,42,4,4,0.08163265306122448,1.0,0.0,1.0,"{""AAAAAAAAA"": 4}"
1,73,1,1,dse_renamed,4,48,6,42,4,4,0.08333333333333333,1.0,0.0,1.0,"{""AAAAAAAAA"": 4}"
1,73,2,2,erbb2_renamed,4,49,6,43,4,4,0.08163265306122448,1.0,0.0,1.0,"{""AAAAAAAAA"": 4}"
1,73,3,3,imp1_renamed,4,48,5,43,4,4,0.08333333333333333,1.0,0.0,1.0,"{""AAAAAAAAA"": 4}"
1,73,4,4,imp2_renamed,4,48,5,43,4,4,0.08333333333333333,1.0,0.0,1.0,"{""AAAAAAAAA"": 4}"
1,73,5,5,melana_renamed,4,49,6,43,4,4,0.08163265306122448,1.0,0.0,1.0,"{""AAAAAAAAA"": 4}"
1,73,6,6,mrp3_renamed,4,47,4,43,4,4,0.0851063829787234,1.0,0.0,1.0,"{""AAAAAAAAA"": 4}"
1,73,7,7,muc16ats_renamed,4,48,5,43,4,4,0.08333333333333333,1.0,0.0,1.0,"{""AAAAAAAAA"": 4}"
1,73,8,8,muc16tss_renamed,4,50,6,44,4,4,0.08,1.0,0.0,1.0,"{""AAAAAAAAA"": 4}"
1,74,0,0,bst2_renamed,4,49,7,42,4,4,0.08163265306122448,1.0,0.0,1.0,"{""AAAAAAAAA"": 4}"
1,74,1,1,dse_renamed,4,48,6,42,4,4,0.08333333333333333,1.0,0.0,1.0,"{""AAAAAAAAA"": 4}"
1,74,2,2,erbb2_renamed,4,49,6,43,4,4,0.08163265306122448,1.0,0.0,1.0,"{""AAAAAAAAA"": 4}"
1,74,3,3,imp1_renamed,4,48,5,43,4,4,0.08333333333333333,1.0,0.0,1.0,"{""AAAAAAAAA"": 4}"
1,74,4,4,imp2_renamed,4,48,5,43,4,4,0.08333333333333333,1.0,0.0,1.0,"{""AAAAAAAAA"": 4}"
1,74,5,5,melana_renamed,4,49,6,43,4,4,0.08163265306122448,1.0,0.0,1.0,"{""AAAAAAAAA"": 4}"
1,74,6,6,mrp3_renamed,4,47,4,43,4,4,0.0851063829787234,1.0,0.0,1.0,"{""AAAAAAAAA"": 4}"
1,74,7,7,muc16ats_renamed,4,48,5,43,4,4,0.08333333333333333,1.0,0.0,1.0,"{""AAAAAAAAA"": 4}"
1,74,8,8,muc16tss_renamed,4,50,6,44,4,4,0.08,1.0,0.0,1.0,"{""AAAAAAAAA"": 4}"
1,75,0,0,bst2_renamed,4,49,7,42,4,4,0.08163265306122448,1.0,0.0,1.0,"{""AAAAAAAAA"": 4}"
1,75,1,1,dse_renamed,4,48,6,42,4,4,0.08333333333333333,1.0,0.0,1.0,"{""AAAAAAAAA"": 4}"
1,75,2,2,erbb2_renamed,4,49,6,43,4,4,0.08163265306122448,1.0,0.0,1.0,"{""AAAAAAAAA"": 4}"
1,75,3,3,imp1_renamed,4,48,5,43,4,4,0.08333333333333333,1.0,0.0,1.0,"{""AAAAAAAAA"": 4}"
1,75,4,4,imp2_renamed,4,48,5,43,4,4,0.08333333333333333,1.0,0.0,1.0,"{""AAAAAAAAA"": 4}"
1,75,5,5,melana_renamed,4,49,6,43,4,4,0.08163265306122448,1.0,0.0,1.0,"{""AAAAAAAAA"": 4}"
1,75,6,6,mrp3_renamed,4,47,4,43,4,4,0.0851063829787234,1.0,0.0,1.0,"{""AAAAAAAAA"": 4}"
1,75,7,7,muc16ats_renamed,4,48,5,43,4,4,0.08333333333333333,1.0,0.0,1.0,"{""AAAAAAAAA"": 4}"
1,75,8,8,muc16tss_renamed,4,50,6,44,4,4,0.08,1.0,0.0,1.0,"{""AAAAAAAAA"": 4}"
1,76,0,0,bst2_renamed,4,49,7,42,4,4,0.08163265306122448,1.0,0.0,1.0,"{""AAAAAAAAA"": 4}"
1,76,1,1,dse_renamed,4,48,6,42,4,4,0.08333333333333333,1.0,0.0,1.0,"{""AAAAAAAAA"": 4}"
1,76,2,2,erbb2_renamed,4,49,6,43,4,4,0.08163265306122448,1.0,0.0,1.0,"{""AAAAAAAAA"": 4}"
1,76,3,3,imp1_renamed,4,48,5,43,4,4,0.08333333333333333,1.0,0.0,1.0,"{""AAAAAAAAA"": 4}"
1,76,4,4,imp2_renamed,4,48,5,43,4,4,0.08333333333333333,1.0,0.0,1.0,"{""AAAAAAAAA"": 4}"
1,76,5,5,melana_renamed,4,49,6,43,4,4,0.08163265306122448,1.0,0.0,1.0,"{""AAAAAAAAA"": 4}"
1,76,6,6,mrp3_renamed,4,47,4,43,4,4,0.0851063829787234,1.0,0.0,1.0,"{""AAAAAAAAA"": 4}"
1,76,7,7,muc16ats_renamed,4,48,5,43,4,4,0.08333333333333333,1.0,0.0,1.0,"{""AAAAAAAAA"": 4}"
1,76,8,8,muc16tss_renamed,4,50,6,44,4,4,0.08,1.0,0.0,1.0,"{""AAAAAAAAA"": 4}"
1,77,0,0,bst2_renamed,4,49,7,42,4,4,0.08163265306122448,1.0,0.0,1.0,"{""AAAAAAAAA"": 4}"
1,77,1,1,dse_renamed,4,48,6,42,4,4,0.08333333333333333,1.0,0.0,1.0,"{""AAAAAAAAA"": 4}"
1,77,2,2,erbb2_renamed,4,49,6,43,4,4,0.08163265306122448,1.0,0.0,1.0,"{""AAAAAAAAA"": 4}"
1,77,3,3,imp1_renamed,4,48,5,43,4,4,0.08333333333333333,1.0,0.0,1.0,"{""AAAAAAAAA"": 4}"
1,77,4,4,imp2_renamed,4,48,5,43,4,4,0.08333333333333333,1.0,0.0,1.0,"{""AAAAAAAAA"": 4}"
1,77,5,5,melana_renamed,4,49,6,43,4,4,0.08163265306122448,1.0,0.0,1.0,"{""AAAAAAAAA"": 4}"
1,77,6,6,mrp3_renamed,4,47,4,43,4,4,0.0851063829787234,1.0,0.0,1.0,"{""AAAAAAAAA"": 4}"
1,77,7,7,muc16ats_renamed,4,48,5,43,4,4,0.08333333333333333,1.0,0.0,1.0,"{""AAAAAAAAA"": 4}"
1,77,8,8,muc16tss_renamed,4,50,6,44,4,4,0.08,1.0,0.0,1.0,"{""AAAAAAAAA"": 4}"
1,78,0,0,bst2_renamed,4,49,7,42,4,4,0.08163265306122448,1.0,0.0,1.0,"{""AAAAAAAAA"": 4}"
1,78,1,1,dse_renamed,4,48,6,42,4,4,0.08333333333333333,1.0,0.0,1.0,"{""AAAAAAAAA"": 4}"
1,78,2,2,erbb2_renamed,4,49,6,43,4,4,0.08163265306122448,1.0,0.0,1.0,"{""AAAAAAAAA"": 4}"
1,78,3,3,imp1_renamed,4,48,5,43,4,4,0.08333333333333333,1.0,0.0,1.0,"{""AAAAAAAAA"": 4}"
1,78,4,4,imp2_renamed,4,48,5,43,4,4,0.08333333333333333,1.0,0.0,1.0,"{""AAAAAAAAA"": 4}"
1,78,5,5,melana_renamed,4,49,6,43,4,4,0.08163265306122448,1.0,0.0,1.0,"{""AAAAAAAAA"": 4}"
1,78,6,6,mrp3_renamed,4,47,4,43,4,4,0.0851063829787234,1.0,0.0,1.0,"{""AAAAAAAAA"": 4}"
1,78,7,7,muc16ats_renamed,4,48,5,43,4,4,0.08333333333333333,1.0,0.0,1.0,"{""AAAAAAAAA"": 4}"
1,78,8,8,muc16tss_renamed,4,50,6,44,4,4,0.08,1.0,0.0,1.0,"{""AAAAAAAAA"": 4}"
1,79,0,0,bst2_renamed,4,49,7,42,4,4,0.08163265306122448,1.0,0.0,1.0,"{""AAAAAAAAA"": 4}"
1,79,1,1,dse_renamed,4,48,6,42,4,4,0.08333333333333333,1.0,0.0,1.0,"{""AAAAAAAAA"": 4}"
1,79,2,2,erbb2_renamed,4,49,6,43,4,4,0.08163265306122448,1.0,0.0,1.0,"{""AAAAAAAAA"": 4}"
1,79,3,3,imp1_renamed,4,48,5,43,4,4,0.08333333333333333,1.0,0.0,1.0,"{""AAAAAAAAA"": 4}"
1,79,4,4,imp2_renamed,4,48,5,43,4,4,0.08333333333333333,1.0,0.0,1.0,"{""AAAAAAAAA"": 4}"
1,79,5,5,melana_renamed,4,49,6,43,4,4,0.08163265306122448,1.0,0.0,1.0,"{""AAAAAAAAA"": 4}"
1,79,6,6,mrp3_renamed,4,47,4,43,4,4,0.0851063829787234,1.0,0.0,1.0,"{""AAAAAAAAA"": 4}"
1,79,7,7,muc16ats_renamed,4,48,5,43,4,4,0.08333333333333333,1.0,0.0,1.0,"{""AAAAAAAAA"": 4}"
1,79,8,8,muc16tss_renamed,4,50,6,44,4,4,0.08,1.0,0.0,1.0,"{""AAAAAAAAA"": 4}"
1,80,0,0,bst2_renamed,4,49,7,42,4,4,0.08163265306122448,1.0,0.0,1.0,"{""AAAAAAAAA"": 4}"
1,80,1,1,dse_renamed,4,48,6,42,4,4,0.08333333333333333,1.0,0.0,1.0,"{""AAAAAAAAA"": 4}"
1,80,2,2,erbb2_renamed,4,49,6,43,4,4,0.08163265306122448,1.0,0.0,1.0,"{""AAAAAAAAA"": 4}"
1,80,3,3,imp1_renamed,4,48,5,43,4,4,0.08333333333333333,1.0,0.0,1.0,"{""AAAAAAAAA"": 4}"
1,80,4,4,imp2_renamed,4,48,5,43,4,4,0.08333333333333333,1.0,0.0,1.0,"{""AAAAAAAAA"": 4}"
1,80,5,5,melana_renamed,4,49,6,43,4,4,0.08163265306122448,1.0,0.0,1.0,"{""AAAAAAAAA"": 4}"
1,80,6,6,mrp3_renamed,4,47,4,43,4,4,0.0851063829787234,1.0,0.0,1.0,"{""AAAAAAAAA"": 4}"
1,80,7,7,muc16ats_renamed,4,48,5,43,4,4,0.08333333333333333,1.0,0.0,1.0,"{""AAAAAAAAA"": 4}"
1,80,8,8,muc16tss_renamed,4,50,6,44,4,4,0.08,1.0,0.0,1.0,"{""AAAAAAAAA"": 4}"
1,81,0,0,bst2_renamed,4,49,7,42,4,4,0.08163265306122448,1.0,0.0,1.0,"{""AAAAAAAAA"": 4}"
1,81,1,1,dse_renamed,4,48,6,42,4,4,0.08333333333333333,1.0,0.0,1.0,"{""AAAAAAAAA"": 4}"
1,81,2,2,erbb2_renamed,4,49,6,43,4,4,0.08163265306122448,1.0,0.0,1.0,"{""AAAAAAAAA"": 4}"
1,81,3,3,imp1_renamed,4,48,5,43,4,4,0.08333333333333333,1.0,0.0,1.0,"{""AAAAAAAAA"": 4}"
1,81,4,4,imp2_renamed,4,48,5,43,4,4,0.08333333333333333,1.0,0.0,1.0,"{""AAAAAAAAA"": 4}"
1,81,5,5,melana_renamed,4,49,6,43,4,4,0.08163265306122448,1.0,0.0,1.0,"{""AAAAAAAAA"": 4}"
1,81,6,6,mrp3_renamed,4,47,4,43,4,4,0.0851063829787234,1.0,0.0,1.0,"{""AAAAAAAAA"": 4}"
1,81,7,7,muc16ats_renamed,4,48,5,43,4,4,0.08333333333333333,1.0,0.0,1.0,"{""AAAAAAAAA"": 4}"
1,81,8,8,muc16tss_renamed,4,50,6,44,4,4,0.08,1.0,0.0,1.0,"{""AAAAAAAAA"": 4}"
1,82,0,0,bst2_renamed,4,49,7,42,4,4,0.08163265306122448,1.0,0.0,1.0,"{""AAAAAAAAA"": 4}"
1,82,1,1,dse_renamed,4,48,6,42,4,4,0.08333333333333333,1.0,0.0,1.0,"{""AAAAAAAAA"": 4}"
1,82,2,2,erbb2_renamed,4,49,6,43,4,4,0.08163265306122448,1.0,0.0,1.0,"{""AAAAAAAAA"": 4}"
1,82,3,3,imp1_renamed,4,48,5,43,4,4,0.08333333333333333,1.0,0.0,1.0,"{""AAAAAAAAA"": 4}"
1,82,4,4,imp2_renamed,4,48,5,43,4,4,0.08333333333333333,1.0,0.0,1.0,"{""AAAAAAAAA"": 4}"
1,82,5,5,melana_renamed,4,49,6,43,4,4,0.08163265306122448,1.0,0.0,1.0,"{""AAAAAAAAA"": 4}"
1,82,6,6,mrp3_renamed,4,47,4,43,4,4,0.0851063829787234,1.0,0.0,1.0,"{""AAAAAAAAA"": 4}"
1,82,7,7,muc16ats_renamed,4,48,5,43,4,4,0.08333333333333333,1.0,0.0,1.0,"{""AAAAAAAAA"": 4}"
1,82,8,8,muc16tss_renamed,4,50,6,44,4,4,0.08,1.0,0.0,1.0,"{""AAAAAAAAA"": 4}"
1,83,0,0,bst2_renamed,4,49,7,42,4,4,0.08163265306122448,1.0,0.0,1.0,"{""AAAAAAAAA"": 4}"
1,83,1,1,dse_renamed,4,48,6,42,4,4,0.08333333333333333,1.0,0.0,1.0,"{""AAAAAAAAA"": 4}"
1,83,2,2,erbb2_renamed,4,49,6,43,4,4,0.08163265306122448,1.0,0.0,1.0,"{""AAAAAAAAA"": 4}"
1,83,3,3,imp1_renamed,4,48,5,43,4,4,0.08333333333333333,1.0,0.0,1.0,"{""AAAAAAAAA"": 4}"
1,83,4,4,imp2_renamed,4,48,5,43,4,4,0.08333333333333333,1.0,0.0,1.0,"{""AAAAAAAAA"": 4}"
1,83,5,5,melana_renamed,4,49,6,43,4,4,0.08163265306122448,1.0,0.0,1.0,"{""AAAAAAAAA"": 4}"
1,83,6,6,mrp3_renamed,4,47,4,43,4,4,0.0851063829787234,1.0,0.0,1.0,"{""AAAAAAAAA"": 4}"
1,83,7,7,muc16ats_renamed,4,48,5,43,4,4,0.08333333333333333,1.0,0.0,1.0,"{""AAAAAAAAA"": 4}"
1,83,8,8,muc16tss_renamed,4,50,6,44,4,4,0.08,1.0,0.0,1.0,"{""AAAAAAAAA"": 4}"
1,84,0,0,bst2_renamed,4,49,7,42,4,4,0.08163265306122448,1.0,0.0,1.0,"{""AAAAAAAAA"": 4}"
1,84,1,1,dse_renamed,4,48,6,42,4,4,0.08333333333333333,1.0,0.0,1.0,"{""AAAAAAAAA"": 4}"
1,84,2,2,erbb2_renamed,4,49,6,43,4,4,0.08163265306122448,1.0,0.0,1.0,"{""AAAAAAAAA"": 4}"
1,84,3,3,imp1_renamed,4,48,5,43,4,4,0.08333333333333333,1.0,0.0,1.0,"{""AAAAAAAAA"": 4}"
1,84,4,4,imp2_renamed,4,48,5,43,4,4,0.08333333333333333,1.0,0.0,1.0,"{""AAAAAAAAA"": 4}"
1,84,5,5,melana_renamed,4,49,6,43,4,4,0.08163265306122448,1.0,0.0,1.0,"{""AAAAAAAAA"": 4}"
1,84,6,6,mrp3_renamed,4,47,4,43,4,4,0.0851063829787234,1.0,0.0,1.0,"{""AAAAAAAAA"": 4}"
1,84,7,7,muc16ats_renamed,4,48,5,43,4,4,0.08333333333333333,1.0,0.0,1.0,"{""AAAAAAAAA"": 4}"
1,84,8,8,muc16tss_renamed,4,50,6,44,4,4,0.08,1.0,0.0,1.0,"{""AAAAAAAAA"": 4}"
1,85,0,0,bst2_renamed,4,49,7,42,4,4,0.08163265306122448,1.0,0.0,1.0,"{""AAAAAAAAA"": 4}"
1,85,1,1,dse_renamed,4,48,6,42,4,4,0.08333333333333333,1.0,0.0,1.0,"{""AAAAAAAAA"": 4}"
1,85,2,2,erbb2_renamed,4,49,6,43,4,4,0.08163265306122448,1.0,0.0,1.0,"{""AAAAAAAAA"": 4}"
1,85,3,3,imp1_renamed,4,48,5,43,4,4,0.08333333333333333,1.0,0.0,1.0,"{""AAAAAAAAA"": 4}"
1,85,4,4,imp2_renamed,4,48,5,43,4,4,0.08333333333333333,1.0,0.0,1.0,"{""AAAAAAAAA"": 4}"
1,85,5,5,melana_renamed,4,49,6,43,4,4,0.08163265306122448,1.0,0.0,1.0,"{""AAAAAAAAA"": 4}"
1,85,6,6,mrp3_renamed,4,47,4,43,4,4,0.0851063829787234,1.0,0.0,1.0,"{""AAAAAAAAA"": 4}"
1,85,7,7,muc16ats_renamed,4,48,5,43,4,4,0.08333333333333333,1.0,0.0,1.0,"{""AAAAAAAAA"": 4}"
1,85,8,8,muc16tss_renamed,4,50,6,44,4,4,0.08,1.0,0.0,1.0,"{""AAAAAAAAA"": 4}"
1,86,0,0,bst2_renamed,4,49,7,42,4,4,0.08163265306122448,1.0,0.0,1.0,"{""AAAAAAAAA"": 4}"
1,86,1,1,dse_renamed,4,48,6,42,4,4,0.08333333333333333,1.0,0.0,1.0,"{""AAAAAAAAA"": 4}"
1,86,2,2,erbb2_renamed,4,49,6,43,4,4,0.08163265306122448,1.0,0.0,1.0,"{""AAAAAAAAA"": 4}"
1,86,3,3,imp1_renamed,4,48,5,43,4,4,0.08333333333333333,1.0,0.0,1.0,"{""AAAAAAAAA"": 4}"
1,86,4,4,imp2_renamed,4,48,5,43,4,4,0.08333333333333333,1.0,0.0,1.0,"{""AAAAAAAAA"": 4}"
1,86,5,5,melana_renamed,4,49,6,43,4,4,0.08163265306122448,1.0,0.0,1.0,"{""AAAAAAAAA"": 4}"
1,86,6,6,mrp3_renamed,4,47,4,43,4,4,0.0851063829787234,1.0,0.0,1.0,"{""AAAAAAAAA"": 4}"
1,86,7,7,muc16ats_renamed,4,48,5,43,4,4,0.08333333333333333,1.0,0.0,1.0,"{""AAAAAAAAA"": 4}"
1,86,8,8,muc16tss_renamed,4,50,6,44,4,4,0.08,1.0,0.0,1.0,"{""AAAAAAAAA"": 4}"
1,87,0,0,bst2_renamed,4,49,7,42,4,4,0.08163265306122448,1.0,0.0,1.0,"{""AAAAAAAAA"": 4}"
1,87,1,1,dse_renamed,4,48,6,42,4,4,0.08333333333333333,1.0,0.0,1.0,"{""AAAAAAAAA"": 4}"
1,87,2,2,erbb2_renamed,4,49,6,43,4,4,0.08163265306122448,1.0,0.0,1.0,"{""AAAAAAAAA"": 4}"
1,87,3,3,imp1_renamed,4,48,5,43,4,4,0.08333333333333333,1.0,0.0,1.0,"{""AAAAAAAAA"": 4}"
1,87,4,4,imp2_renamed,4,48,5,43,4,4,0.08333333333333333,1.0,0.0,1.0,"{""AAAAAAAAA"": 4}"
1,87,5,5,melana_renamed,4,49,6,43,4,4,0.08163265306122448,1.0,0.0,1.0,"{""AAAAAAAAA"": 4}"
1,87,6,6,mrp3_renamed,4,47,4,43,4,4,0.0851063829787234,1.0,0.0,1.0,"{""AAAAAAAAA"": 4}"
1,87,7,7,muc16ats_renamed,4,48,5,43,4,4,0.08333333333333333,1.0,0.0,1.0,"{""AAAAAAAAA"": 4}"
1,87,8,8,muc16tss_renamed,4,50,6,44,4,4,0.08,1.0,0.0,1.0,"{""AAAAAAAAA"": 4}"
1,88,0,0,bst2_renamed,4,49,7,42,4,4,0.08163265306122448,1.0,0.0,1.0,"{""AAAAAAAAA"": 4}"
1,88,1,1,dse_renamed,4,48,6,42,4,4,0.08333333333333333,1.0,0.0,1.0,"{""AAAAAAAAA"": 4}"
1,88,2,2,erbb2_renamed,4,49,6,43,4,4,0.08163265306122448,1.0,0.0,1.0,"{""AAAAAAAAA"": 4}"
1,88,3,3,imp1_renamed,4,48,5,43,4,4,0.08333333333333333,1.0,0.0,1.0,"{""AAAAAAAAA"": 4}"
1,88,4,4,imp2_renamed,4,48,5,43,4,4,0.08333333333333333,1.0,0.0,1.0,"{""AAAAAAAAA"": 4}"
1,88,5,5,melana_renamed,4,49,6,43,4,4,0.08163265306122448,1.0,0.0,1.0,"{""AAAAAAAAA"": 4}"
1,88,6,6,mrp3_renamed,4,47,4,43,4,4,0.0851063829787234,1.0,0.0,1.0,"{""AAAAAAAAA"": 4}"
1,88,7,7,muc16ats_renamed,4,48,5,43,4,4,0.08333333333333333,1.0,0.0,1.0,"{""AAAAAAAAA"": 4}"
1,88,8,8,muc16tss_renamed,4,50,6,44,4,4,0.08,1.0,0.0,1.0,"{""AAAAAAAAA"": 4}"
1,89,0,0,bst2_renamed,4,49,7,42,4,4,0.08163265306122448,1.0,0.0,1.0,"{""AAAAAAAAA"": 4}"
1,89,1,1,dse_renamed,4,48,6,42,4,4,0.08333333333333333,1.0,0.0,1.0,"{""AAAAAAAAA"": 4}"
1,89,2,2,erbb2_renamed,4,49,6,43,4,4,0.08163265306122448,1.0,0.0,1.0,"{""AAAAAAAAA"": 4}"
1,89,3,3,imp1_renamed,4,48,5,43,4,4,0.08333333333333333,1.0,0.0,1.0,"{""AAAAAAAAA"": 4}"
1,89,4,4,imp2_renamed,4,48,5,43,4,4,0.08333333333333333,1.0,0.0,1.0,"{""AAAAAAAAA"": 4}"
1,89,5,5,melana_renamed,4,49,6,43,4,4,0.08163265306122448,1.0,0.0,1.0,"{""AAAAAAAAA"": 4}"
1,89,6,6,mrp3_renamed,4,47,4,43,4,4,0.0851063829787234,1.0,0.0,1.0,"{""AAAAAAAAA"": 4}"
1,89,7,7,muc16ats_renamed,4,48,5,43,4,4,0.08333333333333333,1.0,0.0,1.0,"{""AAAAAAAAA"": 4}"
1,89,8,8,muc16tss_renamed,4,50,6,44,4,4,0.08,1.0,0.0,1.0,"{""AAAAAAAAA"": 4}"
1,90,0,0,bst2_renamed,4,49,7,42,4,4,0.08163265306122448,1.0,0.0,1.0,"{""AAAAAAAAA"": 4}"
1,90,1,1,dse_renamed,4,48,6,42,4,4,0.08333333333333333,1.0,0.0,1.0,"{""AAAAAAAAA"": 4}"
1,90,2,2,erbb2_renamed,4,49,6,43,4,4,0.08163265306122448,1.0,0.0,1.0,"{""AAAAAAAAA"": 4}"
1,90,3,3,imp1_renamed,4,48,5,43,4,4,0.08333333333333333,1.0,0.0,1.0,"{""AAAAAAAAA"": 4}"
1,90,4,4,imp2_renamed,4,48,5,43,4,4,0.08333333333333333,1.0,0.0,1.0,"{""AAAAAAAAA"": 4}"
1,90,5,5,melana_renamed,4,49,6,43,4,4,0.08163265306122448,1.0,0.0,1.0,"{""AAAAAAAAA"": 4}"
1,90,6,6,mrp3_renamed,4,47,4,43,4,4,0.0851063829787234,1.0,0.0,1.0,"{""AAAAAAAAA"": 4}"
1,90,7,7,muc16ats_renamed,4,48,5,43,4,4,0.08333333333333333,1.0,0.0,1.0,"{""AAAAAAAAA"": 4}"
1,90,8,8,muc16tss_renamed,4,50,6,44,4,4,0.08,1.0,0.0,1.0,"{""AAAAAAAAA"": 4}"
1,91,0,0,bst2_renamed,4,49,7,42,4,4,0.08163265306122448,1.0,0.0,1.0,"{""AAAAAAAAA"": 4}"
1,91,1,1,dse_renamed,4,48,6,42,4,4,0.08333333333333333,1.0,0.0,1.0,"{""AAAAAAAAA"": 4}"
1,91,2,2,erbb2_renamed,4,49,6,43,4,4,0.08163265306122448,1.0,0.0,1.0,"{""AAAAAAAAA"": 4}"
1,91,3,3,imp1_renamed,4,48,5,43,4,4,0.08333333333333333,1.0,0.0,1.0,"{""AAAAAAAAA"": 4}"
1,91,4,4,imp2_renamed,4,48,5,43,4,4,0.08333333333333333,1.0,0.0,1.0,"{""AAAAAAAAA"": 4}"
1,91,5,5,melana_renamed,4,49,6,43,4,4,0.08163265306122448,1.0,0.0,1.0,"{""AAAAAAAAA"": 4}"
1,91,6,6,mrp3_renamed,4,47,4,43,4,4,0.0851063829787234,1.0,0.0,1.0,"{""AAAAAAAAA"": 4}"
1,91,7,7,muc16ats_renamed,4,48,5,43,4,4,0.08333333333333333,1.0,0.0,1.0,"{""AAAAAAAAA"": 4}"
1,91,8,8,muc16tss_renamed,4,50,6,44,4,4,0.08,1.0,0.0,1.0,"{""AAAAAAAAA"": 4}"
1,92,0,0,bst2_renamed,4,49,7,42,4,4,0.08163265306122448,1.0,0.0,1.0,"{""AAAAAAAAA"": 4}"
1,92,1,1,dse_renamed,4,48,6,42,4,4,0.08333333333333333,1.0,0.0,1.0,"{""AAAAAAAAA"": 4}"
1,92,2,2,erbb2_renamed,4,49,6,43,4,4,0.08163265306122448,1.0,0.0,1.0,"{""AAAAAAAAA"": 4}"
1,92,3,3,imp1_renamed,4,48,5,43,4,4,0.08333333333333333,1.0,0.0,1.0,"{""AAAAAAAAA"": 4}"
1,92,4,4,imp2_renamed,4,48,5,43,4,4,0.08333333333333333,1.0,0.0,1.0,"{""AAAAAAAAA"": 4}"
1,92,5,5,melana_renamed,4,49,6,43,4,4,0.08163265306122448,1.0,0.0,1.0,"{""AAAAAAAAA"": 4}"
1,92,6,6,mrp3_renamed,4,47,4,43,4,4,0.0851063829787234,1.0,0.0,1.0,"{""AAAAAAAAA"": 4}"
1,92,7,7,muc16ats_renamed,4,48,5,43,4,4,0.08333333333333333,1.0,0.0,1.0,"{""AAAAAAAAA"": 4}"
1,92,8,8,muc16tss_renamed,4,50,6,44,4,4,0.08,1.0,0.0,1.0,"{""AAAAAAAAA"": 4}"
1,93,0,0,bst2_renamed,4,49,7,42,4,4,0.08163265306122448,1.0,0.0,1.0,"{""AAAAAAAAA"": 4}"
1,93,1,1,dse_renamed,4,48,6,42,4,4,0.08333333333333333,1.0,0.0,1.0,"{""AAAAAAAAA"": 4}"
1,93,2,2,erbb2_renamed,4,49,6,43,4,4,0.08163265306122448,1.0,0.0,1.0,"{""AAAAAAAAA"": 4}"
1,93,3,3,imp1_renamed,4,48,5,43,4,4,0.08333333333333333,1.0,0.0,1.0,"{""AAAAAAAAA"": 4}"
1,93,4,4,imp2_renamed,4,48,5,43,4,4,0.08333333333333333,1.0,0.0,1.0,"{""AAAAAAAAA"": 4}"
1,93,5,5,melana_renamed,4,49,6,43,4,4,0.08163265306122448,1.0,0.0,1.0,"{""AAAAAAAAA"": 4}"
1,93,6,6,mrp3_renamed,4,47,4,43,4,4,0.0851063829787234,1.0,0.0,1.0,"{""AAAAAAAAA"": 4}"
1,93,7,7,muc16ats_renamed,4,48,5,43,4,4,0.08333333333333333,1.0,0.0,1.0,"{""AAAAAAAAA"": 4}"
1,93,8,8,muc16tss_renamed,4,50,6,44,4,4,0.08,1.0,0.0,1.0,"{""AAAAAAAAA"": 4}"
1,94,0,0,bst2_renamed,4,49,7,42,4,4,0.08163265306122448,1.0,0.0,1.0,"{""AAAAAAAAA"": 4}"
1,94,1,1,dse_renamed,4,48,6,42,4,4,0.08333333333333333,1.0,0.0,1.0,"{""AAAAAAAAA"": 4}"
1,94,2,2,erbb2_renamed,4,49,6,43,4,4,0.08163265306122448,1.0,0.0,1.0,"{""AAAAAAAAA"": 4}"
1,94,3,3,imp1_renamed,4,48,5,43,4,4,0.08333333333333333,1.0,0.0,1.0,"{""AAAAAAAAA"": 4}"
1,94,4,4,imp2_renamed,4,48,5,43,4,4,0.08333333333333333,1.0,0.0,1.0,"{""AAAAAAAAA"": 4}"
1,94,5,5,melana_renamed,4,49,6,43,4,4,0.08163265306122448,1.0,0.0,1.0,"{""AAAAAAAAA"": 4}"
1,94,6,6,mrp3_renamed,4,47,4,43,4,4,0.0851063829787234,1.0,0.0,1.0,"{""AAAAAAAAA"": 4}"
1,94,7,7,muc16ats_renamed,4,48,5,43,4,4,0.08333333333333333,1.0,0.0,1.0,"{""AAAAAAAAA"": 4}"
1,94,8,8,muc16tss_renamed,4,50,6,44,4,4,0.08,1.0,0.0,1.0,"{""AAAAAAAAA"": 4}"
1,95,0,0,bst2_renamed,4,49,7,42,4,4,0.08163265306122448,1.0,0.0,1.0,"{""AAAAAAAAA"": 4}"
1,95,1,1,dse_renamed,4,48,6,42,4,4,0.08333333333333333,1.0,0.0,1.0,"{""AAAAAAAAA"": 4}"
1,95,2,2,erbb2_renamed,4,49,6,43,4,4,0.08163265306122448,1.0,0.0,1.0,"{""AAAAAAAAA"": 4}"
1,95,3,3,imp1_renamed,4,48,5,43,4,4,0.08333333333333333,1.0,0.0,1.0,"{""AAAAAAAAA"": 4}"
1,95,4,4,imp2_renamed,4,48,5,43,4,4,0.08333333333333333,1.0,0.0,1.0,"{""AAAAAAAAA"": 4}"
1,95,5,5,melana_renamed,4,49,6,43,4,4,0.08163265306122448,1.0,0.0,1.0,"{""AAAAAAAAA"": 4}"
1,95,6,6,mrp3_renamed,4,47,4,43,4,4,0.0851063829787234,1.0,0.0,1.0,"{""AAAAAAAAA"": 4}"
1,95,7,7,muc16ats_renamed,4,48,5,43,4,4,0.08333333333333333,1.0,0.0,1.0,"{""AAAAAAAAA"": 4}"
1,95,8,8,muc16tss_renamed,4,50,6,44,4,4,0.08,1.0,0.0,1.0,"{""AAAAAAAAA"": 4}"
1,96,0,0,bst2_renamed,4,49,7,42,4,4,0.08163265306122448,1.0,0.0,1.0,"{""AAAAAAAAA"": 4}"
1,96,1,1,dse_renamed,4,48,6,42,4,4,0.08333333333333333,1.0,0.0,1.0,"{""AAAAAAAAA"": 4}"
1,96,2,2,erbb2_renamed,4,49,6,43,4,4,0.08163265306122448,1.0,0.0,1.0,"{""AAAAAAAAA"": 4}"
1,96,3,3,imp1_renamed,4,48,5,43,4,4,0.08333333333333333,1.0,0.0,1.0,"{""AAAAAAAAA"": 4}"
1,96,4,4,imp2_renamed,4,48,5,43,4,4,0.08333333333333333,1.0,0.0,1.0,"{""AAAAAAAAA"": 4}"
1,96,5,5,melana_renamed,4,49,6,43,4,4,0.08163265306122448,1.0,0.0,1.0,"{""AAAAAAAAA"": 4}"
1,96,6,6,mrp3_renamed,4,47,4,43,4,4,0.0851063829787234,1.0,0.0,1.0,"{""AAAAAAAAA"": 4}"
1,96,7,7,muc16ats_renamed,4,48,5,43,4,4,0.08333333333333333,1.0,0.0,1.0,"{""AAAAAAAAA"": 4}"
1,96,8,8,muc16tss_renamed,4,50,6,44,4,4,0.08,1.0,0.0,1.0,"{""AAAAAAAAA"": 4}"
1,97,0,0,bst2_renamed,4,49,7,42,4,4,0.08163265306122448,1.0,0.0,1.0,"{""AAAAAAAAA"": 4}"
1,97,1,1,dse_renamed,4,48,6,42,4,4,0.08333333333333333,1.0,0.0,1.0,"{""AAAAAAAAA"": 4}"
1,97,2,2,erbb2_renamed,4,49,6,43,4,4,0.08163265306122448,1.0,0.0,1.0,"{""AAAAAAAAA"": 4}"
1,97,3,3,imp1_renamed,4,48,5,43,4,4,0.08333333333333333,1.0,0.0,1.0,"{""AAAAAAAAA"": 4}"
1,97,4,4,imp2_renamed,4,48,5,43,4,4,0.08333333333333333,1.0,0.0,1.0,"{""AAAAAAAAA"": 4}"
1,97,5,5,melana_renamed,4,49,6,43,4,4,0.08163265306122448,1.0,0.0,1.0,"{""AAAAAAAAA"": 4}"
1,97,6,6,mrp3_renamed,4,47,4,43,4,4,0.0851063829787234,1.0,0.0,1.0,"{""AAAAAAAAA"": 4}"
1,97,7,7,muc16ats_renamed,4,48,5,43,4,4,0.08333333333333333,1.0,0.0,1.0,"{""AAAAAAAAA"": 4}"
1,97,8,8,muc16tss_renamed,4,50,6,44,4,4,0.08,1.0,0.0,1.0,"{""AAAAAAAAA"": 4}"
1,98,0,0,bst2_renamed,4,49,7,42,4,4,0.08163265306122448,1.0,0.0,1.0,"{""AAAAAAAAA"": 4}"
1,98,1,1,dse_renamed,4,48,6,42,4,4,0.08333333333333333,1.0,0.0,1.0,"{""AAAAAAAAA"": 4}"
1,98,2,2,erbb2_renamed,4,49,6,43,4,4,0.08163265306122448,1.0,0.0,1.0,"{""AAAAAAAAA"": 4}"
1,98,3,3,imp1_renamed,4,48,5,43,4,4,0.08333333333333333,1.0,0.0,1.0,"{""AAAAAAAAA"": 4}"
1,98,4,4,imp2_renamed,4,48,5,43,4,4,0.08333333333333333,1.0,0.0,1.0,"{""AAAAAAAAA"": 4}"
1,98,5,5,melana_renamed,4,49,6,43,4,4,0.08163265306122448,1.0,0.0,1.0,"{""AAAAAAAAA"": 4}"
1,98,6,6,mrp3_renamed,4,47,4,43,4,4,0.0851063829787234,1.0,0.0,1.0,"{""AAAAAAAAA"": 4}"
1,98,7,7,muc16ats_renamed,4,48,5,43,4,4,0.08333333333333333,1.0,0.0,1.0,"{""AAAAAAAAA"": 4}"
1,98,8,8,muc16tss_renamed,4,50,6,44,4,4,0.08,1.0,0.0,1.0,"{""AAAAAAAAA"": 4}"
2,0,0,0,bst2_renamed,4,49,7,42,4,4,0.08163265306122448,1.0,0.0,1.0,"{""AAAAAAAAA"": 4}"
2,0,1,1,dse_renamed,4,48,6,42,4,4,0.08333333333333333,1.0,0.0,1.0,"{""AAAAAAAAA"": 4}"
2,0,2,2,erbb2_renamed,4,49,6,43,4,4,0.08163265306122448,1.0,0.0,1.0,"{""AAAAAAAAA"": 4}"
2,0,3,3,imp1_renamed,4,48,5,43,4,4,0.08333333333333333,1.0,0.0,1.0,"{""AAAAAAAAA"": 4}"
2,0,4,4,imp2_renamed,4,48,5,43,4,4,0.08333333333333333,1.0,0.0,1.0,"{""AAAAAAAAA"": 4}"
2,0,5,5,melana_renamed,4,49,6,43,4,4,0.08163265306122448,1.0,0.0,1.0,"{""AAAAAAAAA"": 4}"
2,0,6,6,mrp3_renamed,4,47,4,43,4,4,0.0851063829787234,1.0,0.0,1.0,"{""AAAAAAAAA"": 4}"
2,0,7,7,muc16ats_renamed,4,48,5,43,4,4,0.08333333333333333,1.0,0.0,1.0,"{""AAAAAAAAA"": 4}"
2,0,8,8,muc16tss_renamed,4,50,6,44,4,4,0.08,1.0,0.0,1.0,"{""AAAAAAAAA"": 4}"
2,1,0,0,bst2_renamed,4,49,7,42,4,4,0.08163265306122448,1.0,0.0,1.0,"{""AAAAAAAAA"": 4}"
2,1,1,1,dse_renamed,4,48,6,42,4,4,0.08333333333333333,1.0,0.0,1.0,"{""AAAAAAAAA"": 4}"
2,1,2,2,erbb2_renamed,4,49,6,43,4,4,0.08163265306122448,1.0,0.0,1.0,"{""AAAAAAAAA"": 4}"
2,1,3,3,imp1_renamed,4,48,5,43,4,4,0.08333333333333333,1.0,0.0,1.0,"{""AAAAAAAAA"": 4}"
2,1,4,4,imp2_renamed,4,48,5,43,4,4,0.08333333333333333,1.0,0.0,1.0,"{""AAAAAAAAA"": 4}"
2,1,5,5,melana_renamed,4,49,6,43,4,4,0.08163265306122448,1.0,0.0,1.0,"{""AAAAAAAAA"": 4}"
2,1,6,6,mrp3_renamed,4,47,4,43,4,4,0.0851063829787234,1.0,0.0,1.0,"{""AAAAAAAAA"": 4}"
2,1,7,7,muc16ats_renamed,4,48,5,43,4,4,0.08333333333333333,1.0,0.0,1.0,"{""AAAAAAAAA"": 4}"
2,1,8,8,muc16tss_renamed,4,50,6,44,4,4,0.08,1.0,0.0,1.0,"{""AAAAAAAAA"": 4}"
3,0,0,0,bst2_renamed,4,49,7,42,4,4,0.08163265306122448,1.0,0.0,1.0,"{""AAAAAAAAA"": 4}"
3,0,1,1,dse_renamed,4,48,6,42,4,4,0.08333333333333333,1.0,0.0,1.0,"{""AAAAAAAAA"": 4}"
3,0,2,2,erbb2_renamed,4,49,6,43,4,4,0.08163265306122448,1.0,0.0,1.0,"{""AAAAAAAAA"": 4}"
3,0,3,3,imp1_renamed,4,48,5,43,4,4,0.08333333333333333,1.0,0.0,1.0,"{""AAAAAAAAA"": 4}"
3,0,4,4,imp2_renamed,4,48,5,43,4,4,0.08333333333333333,1.0,0.0,1.0,"{""AAAAAAAAA"": 4}"
3,0,5,5,melana_renamed,4,49,6,43,4,4,0.08163265306122448,1.0,0.0,1.0,"{""AAAAAAAAA"": 4}"
3,0,6,6,mrp3_renamed,4,47,4,43,4,4,0.0851063829787234,1.0,0.0,1.0,"{""AAAAAAAAA"": 4}"
3,0,7,7,muc16ats_renamed,4,48,5,43,4,4,0.08333333333333333,1.0,0.0,1.0,"{""AAAAAAAAA"": 4}"
3,0,8,8,muc16tss_renamed,4,50,6,44,4,4,0.08,1.0,0.0,1.0,"{""AAAAAAAAA"": 4}"
3,1,0,0,bst2_renamed,4,49,7,42,4,4,0.08163265306122448,1.0,0.0,1.0,"{""AAAAAAAAA"": 4}"
3,1,1,1,dse_renamed,4,48,6,42,4,4,0.08333333333333333,1.0,0.0,1.0,"{""AAAAAAAAA"": 4}"
3,1,2,2,erbb2_renamed,4,49,6,43,4,4,0.08163265306122448,1.0,0.0,1.0,"{""AAAAAAAAA"": 4}"
3,1,3,3,imp1_renamed,4,48,5,43,4,4,0.08333333333333333,1.0,0.0,1.0,"{""AAAAAAAAA"": 4}"
3,1,4,4,imp2_renamed,4,48,5,43,4,4,0.08333333333333333,1.0,0.0,1.0,"{""AAAAAAAAA"": 4}"
3,1,5,5,melana_renamed,4,49,6,43,4,4,0.08163265306122448,1.0,0.0,1.0,"{""AAAAAAAAA"": 4}"
3,1,6,6,mrp3_renamed,4,47,4,43,4,4,0.0851063829787234,1.0,0.0,1.0,"{""AAAAAAAAA"": 4}"
3,1,7,7,muc16ats_renamed,4,48,5,43,4,4,0.08333333333333333,1.0,0.0,1.0,"{""AAAAAAAAA"": 4}"
3,1,8,8,muc16tss_renamed,4,50,6,44,4,4,0.08,1.0,0.0,1.0,"{""AAAAAAAAA"": 4}"
4,0,0,0,bst2_renamed,4,49,7,42,4,4,0.08163265306122448,1.0,0.0,1.0,"{""AAAAAAAAA"": 4}"
4,0,1,1,dse_renamed,4,48,6,42,4,4,0.08333333333333333,1.0,0.0,1.0,"{""AAAAAAAAA"": 4}"
4,0,2,2,erbb2_renamed,4,49,6,43,4,4,0.08163265306122448,1.0,0.0,1.0,"{""AAAAAAAAA"": 4}"
4,0,3,3,imp1_renamed,4,48,5,43,4,4,0.08333333333333333,1.0,0.0,1.0,"{""AAAAAAAAA"": 4}"
4,0,4,4,imp2_renamed,4,48,5,43,4,4,0.08333333333333333,1.0,0.0,1.0,"{""AAAAAAAAA"": 4}"
4,0,5,5,melana_renamed,4,49,6,43,4,4,0.08163265306122448,1.0,0.0,1.0,"{""AAAAAAAAA"": 4}"
4,0,6,6,mrp3_renamed,4,47,4,43,4,4,0.0851063829787234,1.0,0.0,1.0,"{""AAAAAAAAA"": 4}"
4,0,7,7,muc16ats_renamed,4,48,5,43,4,4,0.08333333333333333,1.0,0.0,1.0,"{""AAAAAAAAA"": 4}"
4,0,8,8,muc16tss_renamed,4,50,6,44,4,4,0.08,1.0,0.0,1.0,"{""AAAAAAAAA"": 4}"
4,1,0,0,bst2_renamed,4,49,7,42,4,4,0.08163265306122448,1.0,0.0,1.0,"{""AAAAAAAAA"": 4}"
4,1,1,1,dse_renamed,4,48,6,42,4,4,0.08333333333333333,1.0,0.0,1.0,"{""AAAAAAAAA"": 4}"
4,1,2,2,erbb2_renamed,4,49,6,43,4,4,0.08163265306122448,1.0,0.0,1.0,"{""AAAAAAAAA"": 4}"
4,1,3,3,imp1_renamed,4,48,5,43,4,4,0.08333333333333333,1.0,0.0,1.0,"{""AAAAAAAAA"": 4}"
4,1,4,4,imp2_renamed,4,48,5,43,4,4,0.08333333333333333,1.0,0.0,1.0,"{""AAAAAAAAA"": 4}"
4,1,5,5,melana_renamed,4,49,6,43,4,4,0.08163265306122448,1.0,0.0,1.0,"{""AAAAAAAAA"": 4}"
4,1,6,6,mrp3_renamed,4,47,4,43,4,4,0.0851063829787234,1.0,0.0,1.0,"{""AAAAAAAAA"": 4}"
4,1,7,7,muc16ats_renamed,4,48,5,43,4,4,0.08333333333333333,1.0,0.0,1.0,"{""AAAAAAAAA"": 4}"
4,1,8,8,muc16tss_renamed,4,50,6,44,4,4,0.08,1.0,0.0,1.0,"{""AAAAAAAAA"": 4}"
