sp,class,allele,seq,type
Homsap,MH1-A,HLA-A*0201,----------GSHSMRY-FFTSVSRPGRGEPRFIAVGYVDDTQFVRFDSDAASQRMEPRA-------PWIEQ---EGPEYWD--GETRKVKAHSQ-THRVDLGTLRGYYNQSEA----,MHCI_a1
Homsap,MH1-A,HLA-A*0201,----------GSHSMRY-FFTSVSRPGRGEPRFIAVGYVDDTQFVRFDSDAASQRMEPRA-------PWIEQ---EGPEYWD--GETRKVKAHSQ-THRVDLGTLRGYYNQSEA----,MHCI_a1
Homsap,MH1-B,HLA-B*0702,----------GSHSMRY-FYTSVSRPGRGEPRFISVGYVDDTQFVRFDSDAASPREEPRA-------PWIEQ---EGPEYWD--RNTQIYKAQAQ-TDRESLRNLRGYYNQSEA----,MHCI_a1
Homsap,MH1-C,HLA-C*0701,----------CSHSMRY-FDTAVSRPGRGEPRFISVGYVDDTQFVRFDSDAASPRGEPRA-------PWVEQ---EGPEYWD--RETQNYKRQAQ-ADRVSLRNLRGYYNQSED----,MHCI_a1
Homsap,MH1-E,HLA-E*01,----------GSHSLKY-FHTSVSRPGRGEPRFISVGYVDDTQFVRFDNDAASPRMVPRA-------PWMEQ---EGSEYWD--RETRSARDTAQ-IFRVNLRTLRGYYNQSEA----,MHCI_a1
Homsap,MH1-F,HLA-F*01,----------GSHSLRY-FSTAVSRPGRGEPRYIAVEYVDDTQFLRFDSDAAIPRMEPRE-------PWVEQ---EGPQYWE--WTTGYAKANAQ-TDRVALRNLLRRYNQSEA----,MHCI_a1
Homsap,MH1-G,HLA-G*01,----------GSHSMRY-FSAAVSRPGRGEPRFIAMGYVDDTQFVRFDSDSACPRMEPRA-------PWVEQ---EGPEYWE--EETRNTKAHAQ-TDRMNLQTLRGYYNQSEA----,MHCI_a1
Musmus,MH1-D1,H2-D1*02,----------GPHSMRY-FETAVSRPGLEEPRYISVGYVDNKEFVRFDSDAENPRYEPRA-------PWMEQ---EGPEYWE--RETQKAKGQEQ-WFRVSLRNLLGYYNQSAG----,MHCI_a1
Musmus,MH1-K1,MH1-K1*01,----------GPHSLRY-FVTAVSRPGLGEPRYMEVGYVDDTEFVRFDSDAENPRYEPRA-------RWMEQ---EGPEYWE--RETQKAKGNEQ-SFRVDLRTLLGYYNQSKG----,MHCI_a1
Musmus,MH1-L,H2-L*02,----------GPHSMRY-FETAVSRPGLGEPRYISVGYVDNKEFVRFDSDAENPRYEPQA-------PWMEQ---EGPEYWE--RITQIAKGQEQ-WFRVNLRTLLGYYNQSAG----,MHCI_a1
Musmus,MH1-M5,H2-M5*02,----------GIHSLQF-FATTMTQPGLREHSFIFVVFVDATQFLCYNNKGKNQRMEPRP-------LWVKQ---MGPEYWE--QQTRTVKVIEK-IALVNLQEAMDIYNHSKD----,MHCI_a1
Musmus,MH1-Q7,H2-Q7*02,----------GQHSLQY-FHTAVSRPGLGEPWFISVGYVDDTQFVRFDSDAENPRMEPRA-------RWMEQ---EGPEYWE--RETQIAKGHEQ-SFRGSLRTAQSYYNQSKG----,MHCI_a1
Musmus,MH1-T3,H2-T3*01,----------GSHSLRY-FYTALSRPAISEPWYIAVGYLDDTQFVRFNSSGETATYKLSA-------PWVEQ---EGPEYWA--RETEIVTSNAQ-FFRENLQTMLDYYNLSQN----,MHCI_a1
Ratnor,MH1-A,RT1-A*01,----------GSHSLRY-FYTAVSRPGLGEPRFIAVGYVDDTEFVRFDSDAENPRMEPRA-------RWMER---EGPEYWE--QQTRIAKEWEQ-IYRVDLRTLRGYYNQSEG----,MHCI_a1
Ambmex,MH1-A,AMME-IA,----------GSHSFRG-FYSSLSEEVPGVPRFSAVGFVDDVPIEGYSSD--TRRWEPRA-------PWMRKI--EDPQYWE--RETERARGTEP-VERANVGIVMERLNQTR-----,MHCI_a1
Saltru,MH1-A,NA,----------ATNTLLY-YYTGTSGIP-NFPEFITVGIVNGHQIDHYDSI--TKRAIQKA-------EWISGA--VDPDYWK--RNTQIYAANEP-FFKAGIDILKSRFNQTE-----,MHCI_a1
Onckis,MH1-A,NA,----------APHSLHR-HCIATQGT--LYPKNIQLVMIDDVIVYYYNSS--AEQEAIVP-------EWLNHP--EGIEFWQ--EVHRNLKFNRY-VMDTAVRVTSEHYNHS------,MHCI_a1
Oncmyk,MH1-A*01,AB162342,----------ATHSLRY-VYTATSGVP-DFPEFVSLGIVDGMQIDYYDSN--TKRVVPKQ-------DWMAKT--EGSDYWE--RQTQNSIGDEQ-TFKANIDVAKQRFNQTG-----,MHCI_a1
Oncmyk,MH1-B*01,AF091779,----------APHSLHR-HCIATQGT--LYPKNIQLVMIDDVIVYYYNSS--AEQEAVVP-------EWLNHP--EGIEFWQ--EVHRNLKFNRY-VMDTAVRVTSEHYNHSH-----,MHCI_a1
Oncmyk,MH1-C*01,AB162343,----------VTHSLTH-FYTASSEVY-NFPEFMVVGMVDGVQMVHYDSN--SQKAVPEQ-------DWMKQ---TDAEFWE--KERENFFYSQQ-SFKAEVATLKQHFNQSG-----,MHCI_a1
Oncmyk,MH1-D*01,AY523666,----------VTHSLTH-FYTASSDIP-NFPEFVFVGMVDGVQMVHYDSN--IQKVVPEQ-------DWMKQ---TDAEFCE--KESENLFYSQQ-SFKAEVTTLKQHFNQSG-----,MHCI_a1
Oncmyk,MH1-E,AY525774,----------DHHSLKY-LYTAVSGDT-DFPEFTVVGLLDDQQFVHFGSN--TKTLVNDA-------EWMNK---TGKYYND--LYKEPLINQYE-GFKNLITFAKKQFNQTQSK---,MHCI_a1
Homsap,MH1-A,HLA-A*0201,----------GSHTVQR-MYGCDVGSDWRFLRGYHQYAYDGKDYIALKED--LRSWTAAD-------MAAQT---TKHKWEAA-HVAEQLRAYLEGTCVEWLRRYLENGKETLQRT--,MHCI_a2
Homsap,MH1-B,HLA-B*0702,----------GSHTLQS-MYGCDVGPDGRLLRGHDQYAYDGKDYIALNED--lRSWTAAD-------TAAQI---TQRKWEAA-REAEQRRAYLEGECVEWLRRYLENGKDKLERA--,MHCI_a2
Homsap,MH1-C,HLA-C*0701,----------GSHTLQR-MYGCDLGPDGRLLRGYDQSAYDGKDYIALNED--LRSWTAAD-------TAAQI---TQRKLEAA-RAAEQLRAYLEGTCVEWLRRYLENGKETLQRA--,MHCI_a2
Homsap,MH1-E,HLA-E*01,----------GSHTLQW-MHGCELGPDRRFLRGYEQFAYDGKDYLTLNED--LRSWTAVD-------TAAQI---SEQKSNDA-SEAEHQRAYLEDTCVEWLHKYLEKGKETLLHL--,MHCI_a2
Homsap,MH1-F,HLA-F*01,----------GSHTLQG-MNGCDMGPDGRLLRGYHQHAYDGKDYISLNED--LRSWTAAD-------TVAQI---TQRFYEAE-EYAEEFRTYLEGECLELLRRYLENGKETLQRA--,MHCI_a2
Homsap,MH1-G,HLA-G*01,----------SSHTLQW-MIGCDLGSDGRLLRGYEQYAYDGKDYLALNED--LRSWTAAD-------TAAQI---SKRKCEAA-NVAEQRRAYLEGTCVEWLHRYLENGKEMLQRA--,MHCI_a2
Musmus,MH1-D1,H2-D1*02,----------GSHTLQQ-MSGCDLGSDWRLLRGYLQFAYEGRDYIALNED--LKTWTAAD-------MAAQI---TRRKWEQS-GAAEHYKAYLEGECVEWLHRYLKNGNATLLRT--,MHCI_a2
Musmus,MH1-K1,MH1-K1*01,----------GSHTIQV-ISGCEVGSDGRLLRGYQQYAYDGCDYIALNED--LKTWTAAD-------MAALI---TKHKWEQA-GEAERLRAYLEGTCVEWLRRYLKNGNATLLRT--,MHCI_a2
Musmus,MH1-L,H2-L*02,----------GTHTLQW-MYGCDVGSDGRLLRGYEQFAYDGRDYIALNED--LKTWTAAD-------MAAQI---TRRKWEQA-GAAEYYRAYLEGECVEWLHRYLKNGNATLLRT--,MHCI_a2
Musmus,MH1-M5,H2-M5*02,----------GSHVFQC-VYGCEVGPDGLFLRGHEKHAYDGRDYLTLSPD--LHSWVAGD-------TAAQI---TLRRWEKS-GVSEQRQSFLKGECVDSLRTYLEIRKETLLRT--,MHCI_a2
Musmus,MH1-Q7,H2-Q7*02,----------GSHTLQW-MYGCDMGSDGRLLRGYLQFAYEGRDYIALNED--LKTWTAVD-------MAAQI---TRRKWEQA-GIAEKDQAYLEGTCMQSLRRYLQLGKETLLRT--,MHCI_a2
Musmus,MH1-T3,H2-T3*01,----------GSHTIQV-MYGCEVEFFGSLFRAYEQHGYDGRDYIALNED--LKTWTAAD-------TAAEI---TRSKWEQA-GYTELRRTYLEGPCKDSLLRYLENRKKTQECT--,MHCI_a2
Ratnor,MH1-A,RT1-A,----------GSHTIQE-MYGCDVGSDGSLLRGYRQDAYDGRDYIALNED--LKTWTAAD-------FAAQI---TRNKWERA-RYAERLRAYLEGTCVEWLSRYLELGKETLLRS--,MHCI_a2
Ambmex,MH1-A,AMME-IA,----------GLHTVQQ-MYGCELRGD-GSIGGFMQYAYDGGDFLSFDKD--RMRYIATA-------PPAQV---SVDRLNSEKIQAQRQKAYLEGECIEWLQKYLQYGEETLLRR--,MHCI_a2
Saltru,MH1-A,NA,----------GVHTWVN-MYGCEWDEDTGVTGGFMQYGYDGEDFVAFDLD--TKTWIAPT-------PQSFI---TKQKWERDITLNEQNKHYLTQTCIEWLKKYLDYGKSTLMRT--,MHCI_a2
Onckis,MH1-A,NA,----------HDHFYQA-HGRCGWKSD-GTTEAFMSHAYDGKDFVSFDVS--TRTWTAAV-------SHAVF---YKRKRETDLEDLVRLVIHYESGCIRWLEKLLEFSVTVREPK--,MHCI_a2
Oncmyk,MH1-A*01,AB162342,----------GVHTFQL-MYGCELGDD-GITRGDFQLGYDGADFLSLDKS--TLTWTAAN-------QKAVI---TKLKWDATGAEANFQKNYLENTCIEWLKKYVNYGKDTLERK--,MHCI_a2
Oncmyk,MH1-C*01,AB162343,----------GVHILQY-MYGCSRDDETEQTEGFGQLGYNGENFLEYDMK--TLTWKSRK-------QQANF---MQDEWNSDISRLGFWKIYFSQTCIECLKKQVDNGKRTLRRT--,MHCI_a2
Oncmyk,MH1-D*01,AY523666,----------GVHILQY-MYGCSRDDETEQTEGFGQLGYNGENFLEYDMK--TLTWKSLK-------QQPNF---MQDEWNSDTSRLLFWKNYFTQTCIECLKKQVDNRKSTLMRT--,MHCI_a2
Oncmyk,MH1-E,AY525774,----------GVHTIQN-LYGCEWNDETELQDYFHHYGYDGEDFISLDMK--TVRWITSV-------QQADT---IKQKWDDNSKDLHYLKWYFTKECIDTLKKYVDFASSVLKKI--,MHCI_a2
Oncmyk,MH1-G,AY253140,----------GIHISQD-MYGCTWDDETGFTEGFHHIGYDGQDLLTFDVK--TATWIALV-------PQALH---SKMKWEMDLSGIKSKKSYLTQDCIEWLKKYLDYGKTTLQRT--,MHCI_a2
Homsap,MH2-PA1,HLA-DPA1*0103,----------ADHVSTY-AAFVQTH----RPTGEFMFEFDEDEMFYVDLD--KKETVWHL-------EEFGQ-------AFS--FEAQGGLANIA-ILNNNLNTLIQRSNHTQATN--,MHCII_a
Homsap,MH2-QA1,HLA-DQA1*0501,----------ADHVASYGVNLYQSY----GPSGQYTHEFDGDEQFYVDLG--RKETVWCL-------PVLRQ-------FR---FDPQFALTNIA-VLKHNLNSLIKRSNSTAATN--,MHCII_a
Homsap,MH2-RA,HLA-DRA*0101,----------EEHVIIQ-AEFYLNP----DQSGEFMFDFDGDEIFHVDMA--KKETVWRL-------EEFGR-------FAS--FEAQGALANIA-VDKANLEIMTKRSNYTPITN--,MHCII_a
Homsap,MH2-MA,HLA-DMA*01,----------QNHTFLH-TVYCQDG----SPSVGLSEAYDEDQLFFFDFS--QNTRVPRL-------PEFAD-------WAQEQGDAPAILFDKE-FCEWMIQQIGPKLDGKIPVSR-,MHCII_a
Homsap,MH2-OA,HLA-DOA*01,----------ADHMGSYGPAFYQSY----GASGQFTHEFDEEQLFSVDLK--KSEAVWRL-------PEFGD-------FAR--FDPQGGLAGIA-AIKAHLDILVERSNRSRAIN--,MHCII_a
Musmus,MH2-AA,H2-AA*01,----------ADHVGTYGISVYQSP----GDIGQYTFEFDGDELFYVDLD--KKETVWML-------PEFGQ-------LAS--FDPQGGLQNIA-VVKHNLGVLTKRSNSTPATN--,MHCII_a
Musmus,MH2-EA,H2-EA*02,----------EEHTIIQ-AEFYLLP----DKRGEFMFDFDGDEIFHVDIE--KSETIWRL-------EEFAK-------FAS--FEAQGALANIA-VDKANLDVMKERSNNTPDAN--,MHCII_a
Musmus,MH2-MA,H2-DMA*01,----------QNHTFRH-TLFCQDG----IPNIGLSETYDEDELFSFDFS--QNTRVPRL-------PDFAE-------WAQGQGDASAIAFDKS-FCEMLMREVSPKLEGQIPVSR-,MHCII_a
Musmus,MH2-OA,H2-DOA*01,----------ADHMGSYGPAFYQSY----DASGQFTHEFDGEQIFSVDLK--NEEVVWRL-------PEFGD-------FAH--SDFQSGLMSIS-MIKAHLDILVERSNRTRAVS--,MHCII_a
Oncmyk,MH2-DA*01,AJ251433,----------EDKVLHIDLAITGCS----DSDGVDMYGLDGEELWYADFN--KKEGVMAL-------PPFAD-------QMT--FPGFYEQAVGN-LGICKANLAVAIKASKNPP---,MHCII_a
Homsap,MH2-PB1,HLA-DPB1*0401,----------ENYLFQG-RQECYAFNGTQ--RFLERYIYNREEFARFDSD--VGEFRAVT-------ELGRP---AAEYWNSQKDILEEKRAVPDRMCRHNYELGGPMTLQRR-----,MHCII_b
Homsap,MH2-QB1,HLA-DQB1*0301,----------EDFVYQF-KAMCYFTNGTERVRYVTRYIYNREEYARFDSD--VEVYRAVT-------PLGPP---DAEYWNSQKEVLERTRAELDTVCRHNYQLELRTTLQRR-----,MHCII_b
Homsap,MH2-RB1,HLA-DRB1*1402,----------PRFLEYS-TSECHFFNGTERVRFLERYFHNQEENVRFDSD--VGEYRAVT-------ELGRP---DAEYWNSQKDLLEQRRAAVDTYCRHNYGVGESFTVQRR-----,MHCII_b
Homsap,MH2-MB1,HLA-DMB1*01,----------GGFVAHV-ESTCLLDDAGTPKDFTYCISFNKDLLTCWDPE--ENKMAPCEFGVL---NSLAN---VLSQHLNQKDTLMQRLRNGLQNCATHTQPFWGSLTNRT-----,MHCII_b
Homsap,MH2-OB,HLA-DOB*01,----------EDFVIQA-KADCYFTNGTEKVQFVVRFIFNLEEYVRFDSD--VGMFVALT-------KLGQP---DAEQWNSRLDLLERSRQAVDGVCRHNYRLGAPFTVGRK-----,MHCII_b
Musmus,MH2-AB,H2-AB*02,----------RHFVHQF-QPFCYFTNGTQRIRLVIRYIYNREEYVRFDSD--VGEYRAVT-------ELGRP---DAEYWNK--QYLERTRAELDTVCRHNYEKTETPTSLRRL----,MHCII_b
Musmus,MH2-EB1,H2-EB1*01,----------PWFLEYC-KSECHFYNGTQRVRLLERYFYNLEENLRFDSD--VGEFRAVT-------ELGRP---DAENWNSQPEFLEQKRAEVDTVCRHNYEISDKFLVRRR-----,MHCII_b
Musmus,MH2-MB1,H2-DMB1*02,----------GGFVAHV-ESTCVLDDAGTPQDFTYCVSFNKDLLACWDPI--VGKIVPCEFGVL---YPLAE---NFSRILNKEESLLQRLQNGLPDCASHTQPFWNALTHRT-----,MHCII_b
Musmus,MH2-OB,H2-DOB*01,----------ENFVIQA-KADCYFTNGTEKVHLLVRFIFNLEEYLHFDSD--LGMFVALT-------ELGEP---DADQWNKRLDLLETSRAAVNMVCRQKYKLGAPFTVERN-----,MHCII_b
